"ID"	"Start"	"End"	"Strand"	"YPS"	"MMC"	"MMF"	
TON_0001	1	3927	+	7706.56	10302.24	10380.35	
TON_0002	4079	4774	-	1012.02	1387.26	1846.28	
TON_0003	4815	5831	-	1977.47	1845.27	3460.85	
TON_0004	5832	6473	-	1460.67	2009.96	2741.55	
TON_0005	6437	7906	+	10501.82	9617.03	8496.68	
TON_0006	8069	9247	+	26.12	37.27	71.86	
TON_0007	9286	11511	+	2034.26	4034.34	3471.85	
TON_0008	11580	11834	+	494.08	797.01	435.54	
TON_0009	12484	12699	+	85.19	238.02	156.91	
TON_0010	12754	13932	-	42.03	108.19	57.93	
TON_0011	13936	14226	-	47.70	104.59	49.86	
TON_0012	14275	14661	-	92.00	205.56	256.63	
TON_0013	14754	15152	+	2772.55	2907.95	1206.16	
TON_0014	15273	16313	+	2938.38	8586.8	5103.29	
TON_0015	16353	17060	+	575.86	913.62	584.39	
TON_0016	17057	17779	+	545.20	1608.45	805.82	
TON_0017	18313	19359	-	730.33	910.01	1327.15	
TON_0018	19415	19738	+	1586.75	2423.49	1118.91	
TON_0019	20236	20919	+	822.34	893.18	2066.98	
TON_0020	21353	23269	-	5137.33	2035.2	1545.65	
TON_0021	23342	23551	-	9.09	9.62	9.53	
TON_0022	23624	23875	-	37.48	36.06	18.33	
TON_0023	23969	24256	+	480.45	919.63	470	
TON_0024	24266	24583	+	407.76	223.6	266.9	
TON_0025	24573	25022	-	1669.66	1002.58	3268.01	
TON_0026	25077	25313	+	616.75	1009.79	1089.58	
TON_0027	25378	26160	+	15258.65	25744.79	29688.52	
TON_0028	26172	26882	+	5953.99	11355.31	18533.14	
TON_0029	26879	27649	+	7150.01	18616.16	24484.78	
TON_0030	27646	28395	+	6567.33	17739.81	16915.64	
TON_0031	28388	29206	+	5709.79	16885.1	12132.77	
TON_0032	29247	29543	+	402.08	875.15	786.02	
TON_0033	29596	29994	+	5233.87	3638.84	4701.48	
TON_0034	30064	30699	+	4383.14	4410.61	4875.25	
TON_0035	30696	31220	-	1394.79	1015.8	1722.36	
TON_0036	31271	32272	-	4308.18	4794.09	6657.74	
TON_0037	32309	33151	-	6978.50	10686.92	11420.8	
TON_0038	33235	34362	-	1073.35	4239.91	1643.9	
TON_0039	34369	34833	-	831.42	1293.49	1541.25	
TON_0040	34836	35222	-	2245.52	3049.8	3325.94	
TON_0041	35233	36801	-	7289.72	4394.98	4789.46	
TON_0042	36951	37382	-	10517.73	8223.76	6701	
TON_0043	37451	40924	-	6560.52	8443.75	12059.45	
TON_0044	40924	41418	-	2061.52	1029.02	2383	
TON_0045	41527	42039	+	7801.97	10531.85	5992.7	
TON_0046	42118	42972	+	3104.21	3909.32	3502.64	
TON_0047	42953	43543	-	1114.24	680.4	654.78	
TON_0048	43637	44659	+	1149.45	752.53	553.59	
TON_0049	44714	45553	+	365.74	387.09	143.71	
TON_0050	45563	46408	-	966.59	861.93	1165.84	
TON_0051	46419	46742	-	1353.90	1146.83	1398.27	
TON_0052	46791	48038	-	578.13	1503.86	821.95	
TON_0053	48035	48775	-	194.23	400.31	344.62	
TON_0054	48772	49647	-	230.57	382.28	288.16	
TON_0055	49644	50648	-	681.49	1307.92	835.15	
TON_0056	50799	51635	+	3086.03	1216.55	1475.99	
TON_0057	51635	53059	+	3532.41	1597.63	1959.93	
TON_0058	53132	54034	-	8306.28	1204.53	1904.2	
TON_0059	54235	54828	+	1684.43	1389.66	2138.1	
TON_0060	54831	55592	-	1780.97	1192.51	1901.27	
TON_0061	55623	56777	-	11656.96	8449.76	7118.21	
TON_0062	56942	58108	+	671.27	548.17	445.8	
TON_0063	58197	58745	+	4873.82	3826.38	5425.18	
TON_0064	58963	60105	+	8949.15	6069.55	3688.88	
TON_0065	60403	61320	+	10515.45	5922.89	12231.76	
TON_0066	61322	62365	+	6642.30	6800.44	10490.33	
TON_0067	62376	63143	+	6228.86	6653.78	10474.2	
TON_0068	63150	63410	+	11424.11	7289.71	14197.55	
TON_0069	63424	64143	+	5008.98	6168.12	9905.95	
TON_0070	64146	64547	+	1564.03	3482.57	3177.82	
TON_0071	64558	65028	+	1807.10	3054.61	3627.29	
TON_0072	65034	65660	+	1927.49	4193.02	3841.4	
TON_0073	65657	65857	+	721.25	2255.19	1761.95	
TON_0074	65864	66160	+	3583.52	11117.29	5603.35	
TON_0075	66420	66755	+	2746.42	2611.02	3822.33	
TON_0076	66761	67186	+	4943.10	4244.72	7015.55	
TON_0077	67197	67562	+	3619.87	4721.96	6021.29	
TON_0078	67562	68293	+	2846.37	3595.57	4687.55	
TON_0079	68305	68856	+	3614.19	5438.43	7510.48	
TON_0080	68858	69028	+	1907.05	2508.84	3254.08	
TON_0081	69040	69432	+	2621.48	4550.06	5532.96	
TON_0082	69443	69997	+	2986.08	6439.8	5557.89	
TON_0083	70008	70388	+	2226.21	4105.27	4685.35	
TON_0084	70399	70845	+	5924.46	9297.26	11584.32	
TON_0085	70856	71461	+	3371.12	5939.72	5305.66	
TON_0086	71458	72165	+	2823.66	6241.45	5515.36	
TON_0087	72177	72644	+	9755.59	17799.92	12275.75	
TON_0088	72656	73102	+	12278.25	26725.72	19204.78	
TON_0089	73138	74583	+	952.96	7024.04	4342.93	
TON_0090	74659	75249	+	28088.92	14699.63	24359.4	
TON_0091	75242	75769	+	7198.85	6378.49	7636.6	
TON_0092	75812	76084	+	5930.13	8289.88	9925.01	
TON_0093	76094	76687	+	20382.35	21960.49	29978.15	
TON_0094	76688	76939	+	1936.58	1019.41	3908.12	
TON_0095	77020	77727	+	3351.82	2006.35	2509.85	
TON_0096	77788	78792	+	3608.51	2255.19	3415.39	
TON_0097	79038	79868	+	673.54	427.96	378.35	
TON_0098	79865	80839	+	506.58	1821.22	488.33	
TON_0099	81381	81683	+	216.94	372.66	73.32	
TON_0100	81899	82201	+	67.01	62.51	12.46	
TON_0101	82480	83109	+	2688.49	924.44	3598.7	
TON_0102	83221	83670	+	15226.85	10612.39	17649.6	
TON_0103	83681	84223	+	5258.86	6150.09	8085.34	
TON_0104	84220	84639	+	1767.34	3370.77	3317.14	
TON_0105	84668	85450	+	5367.90	7849.9	10732.3	
TON_0106	85593	85955	+	6616.17	6709.08	10452.94	
TON_0107	85962	86390	+	11995.43	9210.71	15719.74	
TON_0108	86402	86809	+	5196.39	5306.2	7976.09	
TON_0109	86843	87040	+	382.77	495.28	659.91	
TON_0110	87156	87329	+	4772.73	3422.46	6044.02	
TON_0111	87336	88361	+	3911.78	7195.94	5165.61	
TON_0112	88376	88981	+	2168.29	3784.3	4069.43	
TON_0113	89168	89326	+	773.50	1087.93	2257.62	
TON_0114	89425	89751	-	405.49	1777.95	261.03	
TON_0115	89876	90175	+	364.60	803.02	178.18	
TON_0116	90200	91522	+	211.26	437.57	313.09	
TON_0117	91494	92255	-	3514.24	958.1	2240.02	
TON_0118	92811	93263	+	927.97	573.42	511.06	
TON_0119	93249	93575	-	728.06	549.37	665.77	
TON_0120	93581	94297	-	2955.41	2303.28	2758.41	
TON_0121	94352	94852	-	1708.28	1874.12	1841.88	
TON_0122	94857	95096	-	5843.81	4628.2	6966.43	
TON_0123	95093	96439	-	13339.11	12022.49	21528.39	
TON_0124	96710	96817	+	4906.76	1511.08	3749.01	
TON_0125	96859	97710	+	4990.81	4298.81	4089.96	
TON_0126	97796	98005	+	1152.86	786.19	139.31	
TON_0127	98098	99399	+	5493.98	5558.64	3242.35	
TON_0128	99440	100243	+	3720.96	4319.25	4177.22	
TON_0129	100367	101704	+	4539.89	11092.04	3403.66	
TON_0130	102152	102877	-	2191.00	3454.92	4912.65	
TON_0131	103106	103939	-	5491.71	5647.6	4925.85	
TON_0132	104050	104925	+	6237.94	4005.49	2513.52	
TON_0133	104986	105990	+	4518.31	2971.66	2652.1	
TON_0134	105987	106763	+	2503.36	2336.94	2357.34	
TON_0135	106821	107945	+	2572.64	1804.4	2836.14	
TON_0136	108093	109415	+	1440.22	1757.51	2126.37	
TON_0137	109485	110513	+	4111.68	4717.15	4908.25	
TON_0138	110513	110806	+	47.70	144.26	103.39	
TON_0139	110915	111121	+	0.00	7.21	2.2	membrane-associated metallopeptidase. M50 family
TON_0140	111142	111951	-	148.79	114.2	112.18	
TON_0141	113674	116577	-	24782.53	19351.87	21045.19	
TON_0142	116865	118955	+	1256.22	2288.85	3560.57	
TON_0143	118962	120032	-	1494.74	1114.37	1613.84	
TON_0144	120160	120744	+	5224.79	1645.71	7927.69	
TON_0145	120838	121293	+	2437.48	1573.59	2005.39	
TON_0146	121290	121961	+	3599.42	1262.24	2882.33	
TON_0147	121958	123289	-	743.96	253.65	1195.17	
TON_0148	123861	124868	+	382.77	239.22	456.07	
TON_0149	124865	125311	-	3176.90	2116.95	2415.26	
TON_0150	125393	125809	+	2679.41	1701.01	1305.15	
TON_0151	125832	126245	+	1741.22	1095.14	757.43	
TON_0152	126242	128191	-	5221.38	3303.45	5366.52	
TON_0153	128316	130013	+	1386.84	1132.41	2729.09	
TON_0154	130368	130685	+	2578.32	1804.4	920.94	
TON_0155	130682	131410	-	1340.27	891.98	1269.22	
TON_0156	131567	133150	-	2237.57	2311.69	2927.79	
TON_0157	133762	135021	+	80776.36	202847.18	215542.76	
TON_0158	135158	136186	-	550.87	1868.11	2737.88	
TON_0159	136183	137088	-	169.24	592.65	720.03	
TON_0160	137075	137848	-	387.32	774.17	1509.72	
TON_0161	137851	138618	-	515.66	1026.62	2344.87	
TON_0162	138666	139952	-	838.24	4244.72	8575.87	
TON_0163	140219	141382	-	3379.08	1685.38	3645.62	
TON_0164	141492	142103	+	6828.57	5080.2	3567.17	
TON_0165	142114	144060	+	4805.67	8548.34	7728.99	
TON_0166	144066	145400	+	806.43	2989.69	1835.28	
TON_0167	145449	145793	+	5906.28	2923.58	5227.2	
TON_0168	145798	146481	+	2574.91	1854.88	2849.34	
TON_0169	146837	147436	-	746.24	694.83	396.68	
TON_0170	147490	148698	+	7117.07	4390.17	4818.06	
TON_0171	148806	148976	+	798.48	872.75	312.36	
TON_0172	148982	151303	-	283.96	1142.02	788.96	
TON_0173	151305	151754	-	193.09	189.94	236.1	
TON_0174	151769	152758	-	1231.23	3402.02	3817.93	
TON_0175	152983	153801	+	669.00	631.12	676.77	
TON_0176	153895	155043	+	19138.63	15505.05	24069.04	
TON_0177	155082	155267	+	6218.63	4812.12	8987.94	
TON_0178	155288	155746	+	4240.03	6216.21	8831.03	
TON_0179	155776	156267	+	5563.26	8181.69	12606.44	
TON_0180	156347	156997	+	9529.56	12719.72	26331.05	
TON_0181	157003	158022	+	16922.64	12375.91	29997.21	
TON_0182	158092	158409	+	3107.61	6138.07	6085.08	
TON_0183	158447	158914	-	327.12	397.9	118.05	
TON_0184	159674	160141	+	80.64	48.09	72.59	
TON_0185	160492	160695	+	6799.04	19897.63	9438.88	
TON_0186	160762	162036	+	6329.94	3197.66	2731.29	
TON_0187	162111	162512	+	11736.46	19599.5	9710.18	
TON_0188	162509	163903	+	20409.61	20198.16	27104.61	
TON_0189	164188	165909	+	8088.20	5532.2	7551.55	
TON_0190	165961	167247	-	319.17	390.69	478.8	
TON_0191	167384	169885	-	3348.41	7238.02	14279.67	
TON_0192	169996	171873	-	6702.49	8533.91	8376.43	
TON_0193	172012	172218	+	13.63	4.81	7.33	
TON_0194	172558	172758	+	2824.79	2797.35	4023.97	
TON_0195	172769	173476	+	2526.07	2793.75	4338.53	
TON_0196	173585	174202	+	1548.13	1179.29	2306.01	
TON_0197	174424	175293	-	525.89	1636.1	850.55	
TON_0198	175303	176613	-	316.89	742.92	651.84	
TON_0199	176708	178033	-	20.44	18.03	22	
TON_0200	178120	178857	+	121.53	289.71	154.71	
TON_0201	178841	179590	+	713.30	1137.21	787.49	
TON_0202	179650	181131	+	651.96	539.76	810.95	
TON_0203	181334	182824	+	7289.72	2377.81	3569.37	
TON_0204	182821	184077	+	10265.57	5112.65	5702.34	
TON_0205	184074	184424	+	4581.91	3048.6	3221.82	
TON_0206	184469	184912	-	1021.11	976.13	398.14	
TON_0207	184932	185138	-	1175.58	616.69	1025.79	
TON_0208	185131	185838	-	1667.39	1726.26	1641.7	
TON_0209	185957	186637	-	1602.65	1747.89	828.55	
TON_0210	186729	187007	+	5394.03	3126.74	1995.85	
TON_0211	186994	187683	-	458.87	300.53	442.87	
TON_0212	187871	189157	+	263.51	332.99	1059.52	
TON_0213	189304	190644	+	1520.87	2661.51	2215.09	
TON_0214	190645	192153	+	4497.86	9821.39	5198.61	
TON_0215	192267	192575	+	216.94	217.59	208.97	
TON_0216	194333	194581	+	1893.42	1096.34	4664.08	
TON_0217	194598	197960	+	11453.64	18420.22	39591.54	
TON_0218	197966	200683	+	7414.66	13523.95	21202.1	
TON_0219	200689	201864	+	6816.08	8898.16	12597.64	
TON_0220	201878	202180	+	4103.73	3285.42	7439.36	
TON_0221	202180	202617	+	2949.73	3099.09	4390.59	
TON_0222	202628	203071	+	3908.37	8247.8	8231.25	
TON_0223	203077	203724	+	5707.51	8502.66	12338.08	
TON_0224	203960	205084	-	3233.69	10126.73	2862.53	
TON_0225	205090	205425	-	514.53	1461.79	581.45	
TON_0226	205422	205622	-	2869.09	2518.46	2782.61	
TON_0227	205689	206954	-	1813.91	3107.5	2841.27	
TON_0228	207515	207718	+	1091.53	183.93	137.85	
TON_0229	207885	209315	+	18229.97	3690.53	2426.99	
TON_0230	209322	210239	+	1432.27	1341.58	445.8	
TON_0231	210287	211486	-	3551.72	1994.33	2312.61	
TON_0232	211715	211963	+	84.05	120.21	66.72	
TON_0233	211960	212541	+	243.07	199.55	214.1	
TON_0234	212603	212782	+	1515.19	9827.4	5128.22	
TON_0235	213001	213285	+	11177.64	7515.71	9310.57	
TON_0236	213289	213486	+	370.28	513.31	457.54	
TON_0237	213583	214410	+	12776.88	12444.44	10917.81	
TON_0238	214422	214598	+	1607.19	2095.31	1972.39	
TON_0239	214603	215403	+	10948.20	10878.06	10426.54	
TON_0240	215538	216152	+	3000.85	1151.64	1035.32	
TON_0241	216149	216397	+	345.29	194.74	153.98	
TON_0242	216399	217058	+	3666.44	1679.37	1704.76	
TON_0243	217055	217855	+	3636.91	2668.73	2296.48	
TON_0244	217845	219212	-	2386.37	3159.19	4094.36	
TON_0245	219214	220596	-	1414.10	1707.02	1962.13	
TON_0246	220672	222033	-	1161.95	2758.89	2700.49	
TON_0247	222108	222677	-	2183.05	5951.74	3564.97	
TON_0248	222743	223339	-	3752.76	3611.19	6309.45	
TON_0249	223336	223515	-	1148.32	1524.3	1451.8	
TON_0250	223565	223750	-	2947.46	2931.99	3125.76	
TON_0251	223747	224448	-	1832.08	2110.94	1945.99	
TON_0252	224445	225380	-	2772.55	2134.98	2346.34	
TON_0253	225469	226428	+	33538.60	33552.61	26744.6	
TON_0254	226396	227172	-	805.30	234.42	347.55	
TON_0255	227169	228203	-	791.67	421.95	329.95	
TON_0256	228209	229345	-	13410.67	2079.68	3214.48	
TON_0257	229347	230045	-	10939.12	976.13	2097.77	
TON_0258	230165	230539	+	3394.98	8479.82	6257.39	
TON_0259	230598	231623	+	127.21	269.28	231.7	
TON_0260	231958	232845	-	2127.40	1675.77	1768.55	
TON_0261	232997	233416	+	10949.34	6326.8	6901.9	
TON_0262	233413	234159	+	6225.45	3941.78	3264.34	
TON_0263	234185	234661	+	4877.23	2680.75	2747.42	
TON_0264	234875	235456	-	1080.17	135.84	461.94	
TON_0265	235453	235893	-	1257.36	339	491.26	
TON_0266	235919	237484	-	849.60	171.9	69.66	
TON_0267	237495	237980	-	1601.51	134.64	87.25	
TON_0268	237977	238369	-	132.89	15.63	4.4	
TON_0269	238366	239139	-	131.76	33.66	11.73	
TON_0270	239140	239394	-	43.16	3.61	3.67	
TON_0271	239387	239743	-	115.85	10.82	5.87	
TON_0272	239740	240024	-	379.37	31.26	16.86	
TON_0273	240029	240334	-	350.97	28.85	19.06	
TON_0274	240285	241085	-	1224.42	88.96	49.13	
TON_0275	241082	241699	-	1258.49	85.35	62.32	
TON_0276	241699	243450	-	3844.76	213.98	151.78	
TON_0277	243454	244356	-	938.19	52.89	12.46	
TON_0278	244367	246346	-	695.12	66.12	23.46	
TON_0279	246353	247804	-	241.93	69.72	5.13	
TON_0280	247819	248316	-	683.77	226	50.59	
TON_0281	248322	250391	-	7470.31	982.14	123.18	
TON_0282	250786	251337	-	112.45	219.99	404.74	
TON_0283	251621	251866	+	10024.78	5973.38	8386.7	
TON_0284	251868	252224	+	5337.23	3982.65	5552.76	
TON_0285	252278	252970	+	5194.12	6163.31	6751.59	
TON_0286	252934	255375	+	158479.19	25614.96	21920.67	
TON_0287	255422	256432	+	66971.56	38619.58	17851.24	
TON_0288	256511	256804	+	7373.77	438.78	352.68	
TON_0289	256801	258000	+	58950.38	5991.41	5292.46	
TON_0290	258042	259178	-	1589.02	3858.83	2064.78	
TON_0291	259183	260628	-	4180.97	3530.65	4286.47	
TON_0293	260693	261037	-	900.71	717.67	324.09	
TON_0294	261034	261276	-	404.35	678	512.53	
TON_0295	261281	261880	-	5111.21	7552.97	6721.53	
TON_0296	262215	263825	+	2109.22	4352.91	1631.44	
TON_0297	263822	264766	+	57.93	580.63	112.92	
TON_0298	264753	265532	+	76.10	653.96	141.51	
TON_0299	265571	266404	+	321.44	894.38	464.87	
TON_0300	266361	266732	-	73.83	31.26	60.12	
TON_0301	266920	267771	+	1573.12	14365.44	17574.08	
TON_0302	267776	268567	+	332.80	6166.92	5742.66	
TON_0303	268577	269317	+	178.32	2253.99	1662.97	
TON_0304	269443	270687	+	212.40	305.34	606.38	
TON_0305	270696	272021	-	1534.50	2674.74	2902.86	
TON_0306	272081	273247	-	3071.27	2175.85	3707.22	
TON_0307	273301	273600	-	274.87	435.17	373.95	
TON_0308	273678	277922	-	689.44	501.29	535.26	
TON_0309	278165	279202	-	329.39	551.78	463.4	
TON_0310	279260	281725	+	3626.68	5449.25	5824.79	
TON_0311	282016	284364	+	12035.19	28358.21	39078.27	
TON_0312	284522	285907	+	297.59	492.87	465.6	
TON_0313	285947	287371	+	226.03	311.35	361.48	
TON_0314	287594	288262	+	3854.99	6317.19	3788.6	
TON_0315	288910	291063	+	2867.95	1624.08	4724.21	
TON_0316	291064	292254	-	8090.47	12645.19	10582.72	
TON_0317	292251	292454	-	1369.80	1681.78	2061.11	
TON_0318	292438	293148	-	9197.90	8048.25	9275.37	
TON_0319	293284	293964	+	5604.15	6353.25	20001.07	
TON_0320	296280	296537	+	10.22	26.45	16.13	
TON_0321	296530	297198	-	446.38	408.72	574.12	
TON_0322	297243	297965	-	103.36	176.71	161.31	
TON_0323	298165	299160	-	1230.10	2244.37	1684.23	
TON_0324	299157	299519	-	102.22	545.77	406.94	
TON_0325	299497	301260	-	335.07	472.44	367.35	
TON_0326	301262	302053	-	1065.40	621.5	527.93	
TON_0327	302216	302914	-	8473.24	10583.54	11529.32	
TON_0328	303061	304359	+	4991.94	5240.08	5550.56	
TON_0329	304356	304589	-	895.03	2232.35	309.42	
TON_0330	304686	305216	+	1248.27	998.97	1555.92	
TON_0331	305268	308933	+	12564.48	20025.06	23570.44	
TON_0332	309336	310130	+	12165.81	12990.2	5903.24	
TON_0333	310206	310418	-	4386.55	1377.64	2800.94	
TON_0334	310415	310744	-	4478.55	1299.5	2899.19	
TON_0335	310749	311474	-	1010.88	436.37	764.76	
TON_0336	311613	312833	+	3837.95	7918.42	3075.9	
TON_0337	312843	313598	+	5491.71	8710.62	5299.79	
TON_0338	313600	314244	+	2598.76	4075.22	2020.78	
TON_0339	314241	314420	+	4199.14	4119.69	2471.72	
TON_0340	314424	315230	+	3300.70	6746.35	6480.29	
TON_0341	315239	315859	+	2494.27	7953.28	4712.48	
TON_0342	315962	316474	+	6061.89	3667.69	5360.65	
TON_0343	316489	317820	+	5676.85	7364.24	8545.07	
TON_0344	317881	319929	+	5788.16	12713.71	11703.1	
TON_0345	319989	320345	+	1184.66	1185.3	2044.25	
TON_0346	320349	321599	+	1501.56	1035.03	2194.56	
TON_0347	321664	322371	+	5613.24	3906.92	3232.82	
TON_0348	322554	323702	-	823.47	492.87	301.36	
TON_0349	324677	324964	+	2156.93	1099.95	2898.46	
TON_0350	324977	325357	+	2817.98	1078.31	3259.94	
TON_0351	325364	326263	-	36.35	45.68	50.59	
TON_0352	326389	327990	+	6090.29	3309.46	6602.74	
TON_0353	327987	328877	-	1561.76	1948.65	1427.6	
TON_0354	328995	329387	+	12770.06	10274.59	19218.72	
TON_0355	329520	330446	+	8706.09	6055.12	5645.14	
TON_0356	330443	331519	-	3279.12	2214.32	3691.82	
TON_0357	331582	332388	-	1763.93	1270.65	1183.43	
TON_0358	332446	333261	+	464.55	687.62	527.93	
TON_0359	333258	334517	+	3441.55	6200.58	4768.93	
TON_0360	334514	335623	+	1202.84	3554.69	2031.78	
TON_0361	335632	336807	-	47066.26	31113.49	31290.63	
TON_0362	337129	338016	-	2185.32	1327.15	1702.56	
TON_0363	338115	339596	+	1687.83	2320.11	2320.68	
TON_0364	339593	340447	+	892.76	1411.3	1224.5	
TON_0365	340407	341237	-	2080.83	3807.14	2542.11	
TON_0366	341221	341775	-	3904.96	4760.43	3683.75	
TON_0367	341772	342326	-	3238.23	2147	2471.72	
TON_0368	342323	342712	-	981.35	1041.04	656.97	
TON_0369	342852	343889	-	2624.89	4398.59	4506.44	
TON_0370	343965	345491		969.99	2061.65	1998.05	
TON_0371	345481	345882		913.20	1493.04	994.26	
TON_0372	345954	346478		10792.60	4141.33	7093.28	
TON_0373	346485	347279		3256.41	3507.81	3650.02	
TON_0374	347380	348060		13799.12	14381.06	11055.66	
TON_0375	348135	348869		705.35	534.95	922.4	
TON_0376	348859	350742	-	5812.01	8775.54	9933.81	
TON_0377	350863	351450	+	5874.48	2048.43	5079.09	
TON_0378	351453	352085	+	11484.31	5973.38	11997.86	
TON_0379	352075	352362	+	2718.03	1435.34	3021.64	
TON_0380	352465	353784	+	171.51	415.94	143.71	
TON_0381	353781	354167	+	540.65	388.29	450.2	
TON_0382	354162	354968	-	414.58	607.07	629.11	
TON_0383	355063	356070	+	5834.73	4001.89	6942.23	
TON_0384	356083	356565	+	3987.88	2335.74	3435.19	
TON_0385	356555	357556	+	308.94	769.36	564.59	
TON_0386	357534	358352	-	444.11	739.31	1014.79	
TON_0387	358349	358732	-	24.99	114.2	46.19	
TON_0388	358754	359731	+	1238.05	778.98	922.4	
TON_0389	359728	360519	+	328.25	322.17	329.95	
TON_0390	360644	361510	+	500.90	894.38	645.98	
TON_0391	361516	362433	+	2119.45	4155.76	1588.18	
TON_0392	362489	363754	-	3717.55	2889.92	2978.38	
TON_0393	363822	365198	+	3619.87	4862.61	12745.75	
TON_0394	365169	365972	-	1919.54	2659.11	2198.23	
TON_0395	366326	368044	-	15099.64	15496.64	20755.57	
TON_0396	368058	369560	-	12400.92	8769.53	16616.48	
TON_0397	369632	370684	-	2074.01	2465.57	1651.24	
TON_0398	370845	371588	+	1721.91	2568.95	2563.38	
TON_0399	371606	372832	+	6490.10	16500.42	8818.57	
TON_0400	372822	372938	+	55.66	162.29	52.06	
TON_0401	373079	373765	+	1842.31	2131.37	1216.43	
TON_0402	373803	375695		5881.29	4929.93	8362.5	
TON_0403	375701	377020		9296.72	4105.27	12346.14	
TON_0404	377127	377504	-	1044.96	753.73	1717.23	
TON_0405	377466	378626		1576.52	973.72	2650.63	
TON_0406	378720	379070		16077.58	8701.01	10242.5	
TON_0407	379073	379435		7873.53	6447.02	4289.4	
TON_0408	379505	380125	+	30242.44	19722.12	12299.95	
TON_0409	380122	380940	+	4881.77	5167.95	4172.82	
TON_0410	380974	381528	-	6327.67	6027.47	4289.4	
TON_0411	381622	383367	+	2184.19	1947.45	4289.4	
TON_0412	383357	384136	-	2732.79	3203.67	3455.72	
TON_0413	384182	386038	-	76480.68	154354.51	80758.05	
TON_0414	386238	387062	-	11346.88	11909.49	12985.52	
TON_0415	387065	388111	-	5727.96	4134.12	5374.58	
TON_0416	388137	388859	-	387.32	1247.81	1057.32	
TON_0417	388859	390082	-	1241.46	2460.76	2855.93	
TON_0418	390058	390936	-	647.42	638.33	857.88	
TON_0419	391027	391962	-	1989.96	1574.79	2503.25	
TON_0420	392104	392712	+	279.41	861.93	2450.46	
TON_0421	392765	394030	-	2853.19	805.43	2284.75	
TON_0422	394096	394566	+	6342.44	5920.48	4912.65	
TON_0423	394587	396308	+	1127.87	2506.44	1248.69	
TON_0424	396395	397735	+	218.08	1166.06	399.61	
TON_0425	397738	398601	-	3876.57	2798.56	5063.69	
TON_0426	398677	399087	-	7524.83	9857.45	17893.77	
TON_0427	399163	400542	-	1164.22	3405.63	1278.75	
TON_0428	400644	401303	-	799.62	1117.98	1079.32	
TON_0429	401281	402369	-	2294.36	2178.26	3380.19	
TON_0430	402429	403007	+	645.15	557.79	2109.51	
TON_0431	403007	403969	+	1310.74	1597.63	4355.39	
TON_0432	403938	404609	-	982.49	860.72	1635.84	
TON_0433	404606	405235	-	4678.46	1859.69	1908.6	
TON_0434	405296	406411		789.40	524.13	485.4	
TON_0435	406293	407240		2325.03	5708.91	5047.56	
TON_0436	407475	407981		732.61	2038.81	582.92	
TON_0437	408067	408804		4068.52	2856.26	4502.77	
TON_0438	408855	409511		281.68	298.13	897.47	
TON_0439	409669	411300		303.26	568.61	299.16	
TON_0440	411370	412101	+	6040.31	217.59	722.97	
TON_0441	412098	412601	-	5303.16	2716.81	3639.02	
TON_0442	412733	413965	+	14756.62	6634.55	9807.7	
TON_0443	414074	414910	+	3394.98	3751.84	3487.98	
TON_0444	414910	416766	+	12800.73	11007.89	10271.1	
TON_0445	417286	418620	-	1427.73	1737.08	1200.3	
TON_0446	418875	419600	-	812.11	2023.18	2072.84	
TON_0447	419527	420645	-	2980.40	6199.38	5955.3	
TON_0448	420696	421022	-	237.39	1343.98	1283.15	
TON_0449	421025	422011	-	1566.30	2535.29	4562.16	
TON_0450	421989	422321	-	3310.93	2077.28	5303.46	
TON_0451	422351	422701	-	3795.92	3632.83	4791.66	
TON_0452	422765	423043	-	196.50	158.68	472.93	
TON_0453	422986	423627	-	950.68	575.82	1901.27	
TON_0454	423683	423832	-	3008.80	1890.95	4240.27	
TON_0455	423866	424126	-	6445.80	5420.4	8075.81	
TON_0456	424751	425251	+	1417.51	979.73	1655.64	
TON_0457	425305	425568	+	848.46	649.15	1440.07	
TON_0458	425565	426326	+	654.23	875.15	1351.34	
TON_0459	426336	426770	+	73.83	111.8	156.91	
TON_0460	426893	427924	+	2440.88	2609.82	2135.9	
TON_0461	427921	428868	+	699.67	932.85	1110.11	
TON_0462	428937	430259	+	977.94	1743.09	1140.17	
TON_0463	430264	431268	-	708.75	1406.49	1163.64	
TON_0464	431252	431746	-	264.65	439.98	440.67	
TON_0465	431743	432144	-	85.19	109.39	124.65	
TON_0466	432205	432666		872.31	676.8	670.17	
TON_0467	433116	433223		679.22	690.02	498.6	
TON_0468	433262	433513	-	124.94	62.51	51.33	
TON_0469	433614	434078	-	201.04	292.12	185.51	
TON_0470	434172	434789		5570.08	5755.79	2497.38	
TON_0471	434852	435580		1548.13	548.17	349.75	
TON_0472	435572	435922	-	1791.19	947.28	907.01	
TON_0473	435984	436556	-	828.02	1120.38	639.38	
TON_0474	436568	437383	-	6316.31	2840.63	1935.73	
TON_0475	437454	437840	-	2619.21	1226.17	715.63	
TON_0476	438181	439545	+	2204.63	389.49	253.7	
TON_0477	439542	439796	-	245.34	90.16	65.99	
TON_0478	439757	439975	-	1110.84	617.89	244.9	
TON_0479	440156	441496	+	5547.36	5494.93	1705.5	
TON_0480	441498	441809	+	2545.38	1488.24	1401.94	
TON_0481	441810	442889	+	2353.43	1838.05	1948.19	
TON_0482	442886	443347	-	76.10	74.53	71.12	
TON_0483	443467	444798	+	2218.26	1646.92	878.41	
TON_0484	444877	446178	+	1713.96	2098.92	503.73	
TON_0485	446209	446793	-	2356.83	5070.58	1695.23	
TON_0486	446875	447573	-	3660.76	16758.87	8693.92	
TON_0487	447579	448754	-	2044.48	11635.4	5741.2	
TON_0488	448765	449298	-	1790.06	8777.94	3888.32	
TON_0489	449304	449876	-	2769.14	13866.55	7462.82	
TON_0490	449887	450816	-	3810.69	9990.89	7715.79	
TON_0491	450820	452682	-	6053.94	16585.77	8741.58	
TON_0492	452679	454166	-	4204.82	11120.89	6164.27	
TON_0493	454163	454507	-	404.35	2060.45	1275.09	
TON_0494	454504	455214	-	2732.79	9320.1	6043.29	
TON_0495	455208	455492	-	800.76	2153.01	1550.05	
TON_0496	455489	455899	-	1407.29	3232.52	2267.88	
TON_0497	455896	456150	-	453.19	1579.6	1173.9	
TON_0498	456147	456653	-	799.62	2185.47	1283.15	
TON_0499	456928	457428	-	3012.20	3517.43	3301.01	
TON_0500	457619	458878		536.11	424.35	1685.7	
TON_0501	459188	460321		14242.09	25590.91	14001.04	
TON_0502	460318	461607		17839.24	25800.08	18207.59	
TON_0503	461893	463020		18998.92	31527.02	10494.73	
TON_0504	463539	463817	-	1608.33	2885.11	2408.66	
TON_0505	463887	465815	+	12310.06	4934.74	7316.18	
TON_0506	465860	466741	+	512.26	1054.27	647.44	
TON_0507	466735	467982	-	15411.99	8200.92	17579.21	
TON_0508	468080	468316	-	1882.06	2478.79	2149.1	
TON_0509	468326	468805	-	4059.43	3880.47	1555.18	
TON_0510	469262	469438	-	29768.80	51500.39	41266.97	
TON_0511	469556	470119	+	531.57	1404.09	1009.66	
TON_0512	470109	471359	-	4069.66	5505.75	4263	
TON_0513	471403	471795	-	2586.27	3622.01	4216.81	
TON_0514	471805	472965	-	4254.80	4318.05	5356.98	
TON_0515	473544	474248	+	785.99	294.52	92.39	
TON_0516	474692	475237	+	5006.71	5877.21	3842.13	
TON_0517	475321	475776	+	24260.06	7849.9	30167.32	
TON_0518	475806	477236	+	21579.51	5475.7	32446.93	
TON_0519	477226	477477	+	8401.69	2968.06	10765.3	
TON_0520	477496	478098	+	10259.89	5313.41	17482.42	
TON_0521	478189	479244	+	9739.69	3940.58	8756.24	
TON_0522	479372	480085	-	2456.79	1484.63	2916.06	
TON_0523	480163	480612	-	4266.15	1353.6	1333.01	
TON_0524	480784	481086	-	4753.42	5510.56	5238.93	
TON_0525	481092	481469	-	4116.22	5068.17	4512.3	
TON_0526	481526	481897	-	241.93	306.54	310.16	
TON_0527	481929	482312	-	1300.52	1426.93	1637.3	
TON_0528	482389	483192	-	3527.87	3732.61	3204.95	
TON_0529	483311	485218	+	23108.33	21611.87	24091.77	
TON_0530	485334	486080		12588.33	8598.83	7496.55	
TON_0531	486073	487410		21679.46	14099.77	11254.36	
TON_0532	487523	487816		188.55	240.43	151.78	
TON_0533	487831	488280		2031.99	290.92	396.68	
TON_0534	488328	489617		10363.25	224.8	170.84	
TON_0535	489614	490411	-	20711.74	311.35	318.22	
TON_0536	490422	491297	-	9345.56	134.64	144.45	
TON_0537	491294	492397	-	22357.55	113	156.18	
TON_0538	492769	493758	+	16819.28	3720.59	2895.53	
TON_0539	493791	495833	+	72289.49	27798.02	15914.04	
TON_0540	495836	496327	+	26006.95	16228.74	6717.86	
TON_0541	496333	496710	+	11944.32	8406.49	5165.61	
TON_0542	496716	497774	+	28832.88	22477.4	13127.03	
TON_0543	497780	498286	+	6311.77	9005.15	4105.36	
TON_0544	498574	499794	+	24171.46	91048.02	63473.6	
TON_0545	500077	500250	-	270.33	126.22	53.53	
TON_0546	500315	502189	-	22845.95	29500.24	20210.04	
TON_0547	502293	503480	-	1865.02	2147	2489.32	
TON_0548	503598	504170	-	726.93	522.93	788.22	
TON_0549	504458	505327	-	586.08	1624.08	557.26	
TON_0550	505386	506213	-	224.89	456.81	107.05	
TON_0551	506333	507127	-	4252.52	10433.27	4565.83	
TON_0552	507269	508009	+	357.78	426.76	364.42	
TON_0553	508118	509824	-	3931.09	2680.75	7770.78	
TON_0554	509938	511401	+	1390.25	1383.65	908.47	
TON_0555	511404	511613	-	1210.79	2767.3	2010.52	
TON_0556	511655	512179	-	354.38	675.6	841.02	
TON_0557	512176	512811	-	2682.82	2243.17	3872.93	
TON_0558	512808	513377	-	1915.00	1023.01	1558.12	
TON_0559	513408	514025	-	1098.34	490.47	668.71	
TON_0560	514360	515577	+	8431.22	4957.58	4207.28	
TON_0561	515623	515898	-	1102.88	5915.67	15479.97	
TON_0562	515978	516520		2915.66	4152.15	2910.93	
TON_0563	516523	517380		2005.86	3064.23	2877.93	
TON_0564	517395	518045		1056.32	1800.79	1885.87	
TON_0565	518042	519211		5943.76	7203.15	6449.5	
TON_0566	519291	520895		1584.47	1339.17	1164.37	
TON_0567	520987	521373	+	949.55	1900.57	1049.25	
TON_0568	521451	522899	-	9520.47	5776.23	20505.54	
TON_0569	523025	524026	+	1974.06	4094.45	2110.24	
TON_0570	524037	525032	+	1874.11	2809.37	2199.69	
TON_0571	525061	525825	+	1123.33	1298.3	1276.56	
TON_0572	525810	526328	-	30.67	58.9	20.53	
TON_0573	526374	527105	+	540.65	552.98	594.65	
TON_0574	527152	527373	+	357.78	278.89	264.7	
TON_0575	527497	528699	+	3240.50	1725.05	1389.47	
TON_0576	528737	529585	+	236.25	211.57	123.18	
TON_0577	529740	530981	+	132727.80	51535.25	22735.29	
TON_0578	531042	531995	+	11483.18	3279.41	3726.28	
TON_0579	532003	534204	-	14298.88	7367.85	13734.15	
TON_0580	534384	534731	+	845.05	409.93	282.29	
TON_0581	534728	535198	-	489.54	304.14	541.12	
TON_0582	535259	535819	-	770.09	904	345.35	
TON_0583	535816	536661	-	971.13	1668.55	576.32	
TON_0584	536662	537810	-	3375.67	3216.9	1332.28	
TON_0585	537807	538319	-	1870.70	1538.72	439.94	
TON_0586	538325	539179	-	2305.72	2108.53	662.84	
TON_0587	539179	540369	-	1640.13	1929.42	529.39	
TON_0588	540373	540645	-	1556.08	3044.99	435.54	
TON_0589	540796	541767	-	2130.80	1787.57	3405.86	
TON_0590	541829	542611	+	3025.83	2239.57	4162.55	
TON_0591	542670	543167	+	37.48	105.79	81.39	
TON_0592	543199	544104	-	3073.54	5591.1	4434.58	
TON_0593	544245	544694	-	670.14	1560.36	783.09	
TON_0594	544818	546041		58137.13	200147.2	131422.11	
TON_0595	546088	547614		11070.87	39794.06	32285.62	
TON_0596	547607	548641		3755.03	23293.65	11018.26	
TON_0597	548638	549534	+	1755.98	9185.46	4572.43	
TON_0598	549584	550567	-	655.37	1075.91	404.74	
TON_0599	550659	552449	+	1155.13	1798.38	1441.53	
TON_0600	552428	552763	-	23519.50	11257.93	24076.37	
TON_0601	552776	553423	-	24925.65	15370.42	33125.91	
TON_0602	553515	554945	-	12430.45	9166.23	10491.07	
TON_0603	555062	556111	+	14686.20	15536.31	22001.33	
TON_0604	556149	556751	+	84.05	87.76	115.85	
TON_0605	556787	557539	+	170.37	138.24	335.09	
TON_0606	557499	559424	-	3932.22	3970.63	3534.91	
TON_0607	559928	560386	-	594.04	502.49	335.09	
TON_0608	560452	561618	-	931.38	698.44	1001.59	
TON_0609	561615	562172	-	137.43	175.51	244.17	
TON_0610	562153	563238	-	141.98	307.74	229.5	
TON_0611	563339	565189	+	2463.60	5000.85	2894.8	
TON_0612	565310	566014	+	6181.15	6667.01	5431.77	
TON_0613	566006	570175	-	6574.15	11338.48	13324.27	
TON_0614	570267	570542	+	362.33	1240.6	738.36	
TON_0615	570567	571616	+	959.77	2222.74	1355.74	
TON_0616	571725	572642	+	70.42	1627.68	5085.69	
TON_0617	572684	574426	+	1723.04	3278.2	6659.2	
TON_0618	574828	577053	-	3112.16	3204.87	1617.51	
TON_0619	577168	578313	-	3908.37	3215.69	3691.08	
TON_0620	578484	579212	+	1099.48	2119.35	802.89	
TON_0621	579317	579970	+	922.29	1077.11	940.74	
TON_0622	580158	581144	+	3726.64	2928.39	3164.62	
TON_0623	581147	582040	+	806.43	1230.98	1325.68	
TON_0624	582052	582546	+	397.54	1609.65	1380.67	
TON_0625	582548	583531		424.80	1293.49	1093.25	
TON_0626	583575	584633	-	79.51	119.01	171.58	
TON_0627	584768	585790	-	882.53	567.4	540.39	
TON_0628	585844	586728	-	159.02	234.42	104.12	
TON_0629	586852	587256	+	213.53	128.63	68.92	
TON_0630	587253	588584	+	1266.44	1206.94	471.47	
TON_0631	588679	589359	+	491.81	442.38	294.76	
TON_0632	589349	589627	+	243.07	245.23	169.38	
TON_0633	589701	590006	+	74.96	198.35	81.39	
TON_0634	590079	591314	+	85.19	114.2	65.26	
TON_0635	591326	591841	-	550.87	839.09	852.75	
TON_0636	591980	594619	+	7505.52	12532.19	16081.95	
TON_0637	594677	595504	-	1543.58	697.23	1212.76	
TON_0638	595588	596346	-	881.40	797.01	990.59	
TON_0639	596501	597505	+	595.17	4229.09	466.33	
TON_0640	597575	598681	-	1510.65	1387.26	755.23	
TON_0641	598786	599070	-	2952.01	3630.43	9177.12	
TON_0642	599067	599573	-	3098.53	4154.56	9902.28	
TON_0643	599611	601314	-	9695.39	6201.78	24151.89	
TON_0644	601464	601700	+	20092.72	15342.77	15760.07	
TON_0645	601725	601913	+	8779.92	3428.47	5485.3	
TON_0646	602029	603396	+	442.97	195.95	260.3	
TON_0647	603427	604521	-	1635.59	2005.15	1368.94	
TON_0648	604606	605739	-	2376.14	834.28	1417.34	
TON_0649	605772	606038	-	637.20	162.29	221.44	
TON_0650	606087	606743	-	3625.55	3362.35	2954.92	
TON_0651	606831	607877	+	3933.36	4833.76	4103.89	
TON_0652	607942	609015	+	3705.06	3811.95	4170.62	
TON_0653	609019	610017	-	1753.71	1745.49	2094.84	
TON_0654	610014	610808	-	991.57	711.66	1279.49	
TON_0655	610846	611244	-	260.10	260.86	523.53	
TON_0656	611467	611694	+	387.32	1156.45	210.44	
TON_0657	611706	613682		3382.48	3805.94	1295.62	
TON_0658	613693	613947		61.33	163.49	53.53	
TON_0659	614035	615276		10589.28	159855.45	18393.83	
TON_0660	615428	616231	-	1340.27	1710.63	2501.78	
TON_0661	616332	616817	+	1206.24	552.98	1106.45	
TON_0662	616866	617348	+	9938.46	8002.57	5653.21	
TON_0663	617349	617870	+	3041.74	4392.58	2753.28	
TON_0664	617950	618345	+	808.71	1066.29	645.24	
TON_0665	618303	619295	+	775.77	830.67	475.87	
TON_0666	619282	620475	-	4304.77	3398.42	3911.05	
TON_0667	620716	620910	+	244.20	74.53	103.39	
TON_0668	620964	621083	+	30.67	7.21	21.26	
TON_0669	621078	621767	-	5847.22	1523.1	2052.31	
TON_0670	621770	622114	-	4836.34	974.93	1365.28	
TON_0671	622462	623829	+	3998.10	2928.39	2817.07	
TON_0672	623840	625165	+	3044.01	3665.29	2334.61	
TON_0673	625249	626244	-	2225.08	1728.66	4586.36	
TON_0674	626783	627535	+	16282.03	15759.91	14370.59	
TON_0675	627600	628757	+	4571.69	2815.39	9136.79	
TON_0676	628774	629355	-	10412.09	9120.55	5870.98	
TON_0677	629512	632166	-	8892.36	8851.27	10122.25	
TON_0678	633150	634112	-	1188.07	1497.85	1580.11	
TON_0679	634097	634981	-	1351.63	2376.61	1743.62	
TON_0680	634969	635715	-	473.64	619.1	657.71	
TON_0681	635758	636006	+	1489.06	2415.08	1156.31	
TON_0682	636003	636644	+	2253.47	2032.8	1556.65	
TON_0683	636641	637051	+	621.30	711.66	395.94	
TON_0684	637055	637756	+	164.69	382.28	185.51	
TON_0685	637770	638885	-	1944.53	1279.06	2771.61	
TON_0686	638945	639490	+	89.73	27.65	55.73	
TON_0687	639465	640919	-	2137.62	698.44	1049.25	
TON_0688	640988	641995	+	3692.56	3194.06	4092.89	
TON_0689	641992	642579	-	2354.56	985.75	1023.59	
TON_0690	642692	643207	+	1300.52	2778.12	2003.92	
TON_0691	643210	644400		9783.98	18581.3	13938.72	
TON_0692	644476	644697	-	7872.39	3917.74	3420.52	
TON_0693	645060	646199	-	3682.34	16835.81	12461.26	
TON_0694	646160	647218	-	10583.60	15009.78	32235.76	
TON_0695	647359	648642	+	2430.66	2139.79	1055.85	
TON_0696	648725	649975	+	16400.16	7571.01	8549.47	
TON_0697	649968	650927	-	7554.36	6746.35	6288.19	
TON_0698	650970	651503	+	1035.87	1416.11	706.1	
TON_0699	651536	652819	+	1405.01	1299.5	2366.14	
TON_0700	652816	653988	-	1921.81	665.98	691.44	
TON_0701	654076	655083	-	6110.73	3686.93	5269	
TON_0702	655119	656165	-	436.16	651.55	145.18	
TON_0703	656336	657142	+	3406.33	3079.85	2370.54	
TON_0704	657511	658653	-	1288.02	1519.49	879.88	
TON_0705	658792	659664	-	3525.60	9817.78	11884.94	
TON_0706	659703	660263	-	1211.92	1578.39	10481.54	
TON_0707	660336	661988	-	7663.40	14800.61	55554.71	
TON_0708	662165	662476	+	895.03	566.2	426.74	
TON_0709	662483	663145	+	2586.27	1151.64	1803.75	
TON_0710	663203	664462	-	700.80	670.79	673.84	
TON_0711	664576	666306	-	712.16	946.08	1056.59	
TON_0712	666449	666955	+	339.61	812.64	645.24	
TON_0713	666969	667439	-	2501.08	3635.24	2289.88	
TON_0714	667471	668910	-	8974.14	10197.66	7520.02	
TON_0715	668970	669416	-	926.83	671.99	778.69	
TON_0716	669413	670351	-	1983.15	1685.38	1697.43	
TON_0717	670361	671254	-	934.78	722.48	684.1	
TON_0718	670847	671704	+	2522.66	1325.95	1849.94	
TON_0719	671705	672370	+	4263.88	2481.19	3556.9	
TON_0720	672360	673202	-	247.61	274.09	250.76	
TON_0721	673454	673879	+	2502.22	4213.46	2113.17	
TON_0722	674212	675027		272.60	357.03	283.76	
TON_0723	675166	675612		2116.04	774.17	1283.89	
TON_0724	675616	676233	+	1227.83	501.29	959.8	
TON_0725	676288	678963	-	1066.54	1922.2	1520.72	
TON_0726	679111	679326	+	48.84	36.06	41.79	
TON_0727	679421	681196	+	12073.80	9379.01	9796.7	
TON_0728	681403	682110	+	1029.06	3125.53	1841.88	
TON_0729	682110	682334	+	40.89	228.4	84.32	
TON_0730	682560	683744	+	25550.35	6844.92	4151.55	
TON_0731	683974	684804	+	5140.74	3125.53	1262.62	
TON_0732	684858	685160	+	2504.49	848.7	475.87	
TON_0733	685163	685348	+	683.77	349.82	178.18	
TON_0734	685424	685720	+	881.40	1382.45	1213.5	
TON_0735	685723	685920	+	1986.56	2169.84	4106.83	
TON_0736	685922	686914	+	2247.79	2455.95	4620.09	
TON_0737	686911	687783	-	5976.70	4275.97	5063.69	
TON_0738	687785	688531	-	9002.54	7146.65	7048.55	
TON_0739	688599	689390	+	1824.13	1942.64	1296.35	
TON_0740	689434	689841	+	1002.93	514.51	522.79	
TON_0741	689847	691358	+	989.30	741.71	775.76	
TON_0742	691348	692238	-	5250.91	2665.12	2519.38	
TON_0743	692235	693533	-	6760.42	3097.89	3121.36	
TON_0744	693681	693860	+	3193.94	8146.83	18313.18	
TON_0745	693931	694809	+	400.95	1456.98	1005.26	
TON_0746	694826	695470	-	6149.35	967.71	1423.2	
TON_0747	695654	695989	-	4809.08	17605.17	4393.52	
TON_0748	696117	696956	+	1482.25	889.58	1904.2	
TON_0749	697357	699222	+	1589.02	2008.76	1247.23	
TON_0750	699287	699517	+	147.66	125.02	141.51	
TON_0751	699796	700104	-	14170.53	13786.01	12167.23	
TON_0752	700151	701437	-	30022.09	35807.8	39410.43	
TON_0753	701688	702080	-	140.84	54.1	28.6	
TON_0754	702389	702925		208.99	488.06	350.48	
TON_0755	703075	705273	-	13280.05	20039.48	33679.5	
TON_0756	705418	706482	-	2225.08	2650.69	2921.19	
TON_0757	706509	707315	-	7614.56	6005.83	6596.15	
TON_0758	707341	707508	-	126.08	314.96	109.98	
TON_0759	707512	707637	-	15.90	158.68	27.86	
TON_0760	707732	708133	-	107.90	349.82	228.03	
TON_0761	708121	708531	-	421.39	2607.42	1085.18	
TON_0762	708536	709783	-	2725.98	12125.87	8139.6	
TON_0763	709780	710940	-	3082.63	12807.48	9229.18	
TON_0764	710933	712624	-	4589.86	19109.04	13498.05	
TON_0765	712627	713331	-	3446.09	7262.06	7437.16	
TON_0766	713337	714116	-	2236.44	3409.24	3578.9	
TON_0767	714144	714500	-	7878.07	5496.13	7630.73	
TON_0768	714681	715475	+	1808.23	770.56	2169.63	
TON_0769	715472	716293	+	491.81	817.45	630.58	
TON_0770	716298	716981	+	1276.67	3055.81	1863.87	
TON_0771	717010	718395	-	1010.88	1193.71	835.88	
TON_0772	718455	719603	+	4784.09	1333.16	4283.53	
TON_0773	719598	719792	-	449.79	361.84	258.1	
TON_0774	719961	721769	+	3926.54	4588.52	9094.26	
TON_0775	721780	724644	+	2614.67	8280.26	9118.46	
TON_0776	724641	724835	-	52.25	98.57	27.86	
TON_0777	725041	725712	-	895.03	2204.7	858.61	
TON_0778	725713	725994	-	1305.06	2672.33	1250.16	
TON_0779	725994	726278	-	2889.54	2568.95	1545.65	
TON_0780	726320	726994	-	4043.53	5922.89	1701.1	
TON_0781	727050	727496	+	314.62	477.25	224.37	
TON_0782	727480	728091	-	538.38	278.89	454.6	
TON_0783	730258	732516	-	1554.94	4340.89	8073.61	
TON_0784	732519	732713	-	114.72	161.09	270.56	
TON_0785	732788	734209		2045.62	2235.96	2731.29	
TON_0786	734306	734767		10485.92	23917.55	3655.16	
TON_0787	734929	735396	-	1007.48	774.17	790.42	
TON_0788	735506	735706	+	123.80	116.61	184.77	
TON_0789	735703	736755	-	4563.74	2174.65	2078.71	
TON_0790	736795	737433	-	1235.78	539.76	539.66	
TON_0791	737617	738474	+	850.73	431.56	666.51	
TON_0792	738507	739166	+	182.87	138.24	113.65	
TON_0793	739157	739456	+	104.50	85.35	78.46	
TON_0794	739453	739878	+	205.58	193.54	326.29	
TON_0795	739912	740283	+	47.70	67.32	51.33	
TON_0796	740288	740668	+	333.93	234.42	313.09	
TON_0797	740787	741296	+	8299.46	7345.01	2578.04	
TON_0798	741380	742594	+	15851.55	28739.29	13279.54	
TON_0799	742731	743468	+	3455.18	7519.31	6560.22	
TON_0800	743555	744277	+	751.92	2398.25	1543.45	
TON_0801	744330	745010	+	4068.52	2185.47	1424.67	
TON_0802	745052	745345	+	398.67	597.46	471.47	
TON_0803	745342	746478	-	432.75	729.69	784.56	
TON_0804	746619	748040	+	884.81	647.95	443.6	
TON_0805	748051	749373	+	741.69	628.71	462.67	
TON_0806	749627	750235	+	30.67	26.45	25.66	
TON_0807	750255	751712	+	757.59	724.88	665.04	
TON_0808	751740	752207	-	148.79	456.81	381.28	
TON_0809	752200	752850	-	241.93	455.61	508.13	
TON_0810	752843	753127	-	258.97	543.36	682.64	
TON_0811	753129	753662	-	3965.16	2750.47	4027.64	
TON_0812	753871	754386	+	18123.20	5319.42	7972.42	
TON_0813	754452	755324	+	729.20	253.65	324.82	
TON_0814	755300	756523	+	796.21	371.46	533.06	
TON_0815	757004	757261	-	916.61	1846.47	1337.41	
TON_0816	757828	758409	-	8217.68	4819.33	4179.42	
TON_0817	758366	759094	-	11599.03	8101.14	4837.86	
TON_0818	759128	759544	-	10764.20	4956.38	2965.92	
TON_0819	759541	760293	-	6635.48	3858.83	1497.99	
TON_0820	760441	761625	+	24831.37	7587.84	9379.49	
TON_0821	761764	763047	+	4775.00	5486.51	2454.12	
TON_0822	763497	763949	+	2694.17	579.43	665.77	
TON_0823	763946	764368	+	1355.04	191.14	264.7	
TON_0824	764434	764766	+	4012.86	1918.6	3007.71	
TON_0825	764763	764930	+	1358.44	1126.39	1389.47	
TON_0826	764933	765682	+	2685.09	2698.78	3838.46	
TON_0827	765717	766286	+	1917.27	1116.78	2297.95	
TON_0828	766292	768202	+	955.23	1132.41	1231.09	
TON_0829	768428	769078	+	27135.96	61539.37	65814.07	
TON_0830	769158	769862	-	465.69	592.65	303.56	
TON_0831	769859	770563	-	906.39	711.66	527.93	
TON_0832	770560	771411	-	3760.71	3450.11	1858.01	
TON_0833	771663	772019	-	52.25	39.67	24.2	
TON_0834	772400	772717	-	182.87	900.39	331.42	
TON_0835	772728	775130	-	793.94	1120.38	1198.83	
TON_0836	775247	775855	+	1665.12	1479.82	1031.66	
TON_0837	775888	776223	-	880.26	4677.48	1635.84	
TON_0838	776366	776980	+	290.77	244.03	186.97	
TON_0839	776996	777229	-	1424.32	6202.98	2300.15	
TON_0840	777406	779334	-	11091.32	18646.22	4308.46	
TON_0841	780424	780540	-	5.68	2.4	6.6	
TON_0842	780711	781514	-	168.10	263.27	250.03	
TON_0843	782057	782263	-	1598.10	1192.51	591.72	
TON_0844	782358	782735	-	897.30	500.09	494.93	
TON_0845	782741	783109	-	701.94	861.93	357.08	
TON_0846	783178	784035	-	2586.27	9802.16	666.51	
TON_0847	784305	784874	-	26240.93	100473.91	25896.98	
TON_0848	785016	785591		1468.62	2731.24	2192.36	
TON_0849	785823	786938	-	2104.68	1128.8	1163.64	
TON_0850	786938	788365	-	4894.26	2475.18	3323	
TON_0851	788343	789086	-	4219.58	1995.53	2099.97	
TON_0852	789237	789761	-	15174.60	43163.63	14774.6	
TON_0853	789829	790920	-	10479.11	2062.85	2492.99	
TON_0854	790922	791896	-	18621.83	1501.46	2641.1	
TON_0855	792029	792568	+	591.76	614.29	634.24	
TON_0856	792678	792884	+	213.53	227.2	206.77	
TON_0857	792887	793216	+	447.51	532.54	579.25	
TON_0858	793276	794571	+	461.14	929.25	308.69	
TON_0859	794589	794705	+	20.44	64.91	16.13	
TON_0860	794852	796564	+	24194.18	66968.18	33362.74	
TON_0861	796561	797442	+	6454.89	23252.77	12178.97	
TON_0862	797444	797896	+	4261.61	20133.25	12942.99	
TON_0863	797937	799166	+	9350.10	44925.95	21546.72	
TON_0864	799239	799778	+	1892.28	7490.46	3174.89	
TON_0865	799788	800873	+	6219.77	24608.77	14004.71	
TON_0866	800962	801477	+	23003.83	68127.03	23125.37	
TON_0867	801560	801721	+	35701.21	169797.06	44799.67	
TON_0868	801732	802079	+	24170.33	101734.94	37012.03	
TON_0869	802297	802656	+	873.45	3923.75	604.92	
TON_0870	802660	803010	+	3653.94	7141.85	2666.03	
TON_0871	803014	803538	+	6392.41	12148.71	5010.17	
TON_0872	803592	803906	-	1707.14	3206.08	1201.77	
TON_0873	803936	804415	-	812.11	1808	739.83	
TON_0874	804483	805007	+	1259.63	1810.41	1039.72	
TON_0875	804995	805348	-	1954.75	1048.26	1175.37	
TON_0876	805371	805979	-	8067.75	10933.36	7092.54	
TON_0877	806173	806766	-	14883.83	17349.12	10050.4	
TON_0878	807102	807989	+	29964.16	3405.63	25567.76	
TON_0879	807989	808606		2382.96	538.55	3721.15	
TON_0880	808596	809729		12037.46	3424.86	12629.17	
TON_0881	809726	810256	+	3324.56	873.95	4919.98	
TON_0882	810256	810843	+	3961.75	1167.27	5794.72	
TON_0883	810845	811534	+	3736.86	815.04	5732.4	
TON_0884	811528	812286	+	1863.89	569.81	2579.51	
TON_0885	812296	812922	+	1929.76	685.21	2619.1	
TON_0886	812919	813926	+	2231.89	823.46	2474.65	
TON_0887	813923	814645	+	947.28	378.67	1168.04	
TON_0888	814651	815439	+	952.96	667.18	1343.28	
TON_0889	815677	816381	+	923.42	1460.59	1585.98	
TON_0890	816496	816990	+	210.13	390.69	641.58	
TON_0891	817328	818323	+	690.58	962.91	1703.3	
TON_0892	820128	820841	+	1535.63	424.35	464.87	
TON_0893	820846	823179	+	840.51	396.7	321.16	
TON_0894	823185	823745	+	101.09	176.71	116.58	
TON_0895	823745	824617	+	374.82	454.4	407.68	
TON_0896	824617	825486	+	233.98	292.12	315.29	
TON_0897	825483	826676	+	516.80	760.95	743.5	
TON_0898	826673	827971	+	312.35	461.62	514.73	
TON_0899	828943	829587	-	3203.02	2653.1	2943.92	
TON_0900	829649	831103	-	8048.45	7347.41	9158.79	
TON_0901	831224	832498	-	2472.69	1634.89	654.04	
TON_0902	832602	833624	-	245.34	324.57	284.49	
TON_0903	833434	834279	+	904.12	984.54	4385.45	
TON_0904	834406	836190	+	2656.69	10261.37	91765.31	
TON_0905	836374	838074	+	897.30	7716.46	4962.51	
TON_0906	838098	838379	+	116.99	560.19	727.37	
TON_0907	838389	839381	+	1568.57	3704.96	5576.95	
TON_0908	839371	839664	+	533.84	2092.91	2252.49	
TON_0909	839667	840323	+	1177.85	4711.14	4886.98	
TON_0910	840401	841192		1790.06	3469.34	4661.15	
TON_0911	841189	842208	-	3830.00	1400.48	1557.38	
TON_0912	842343	843269	+	5640.50	5861.58	4864.25	
TON_0913	843254	844696	-	15291.59	15325.94	10398.68	
TON_0914	844895	845338	-	885.94	1369.22	1050.72	
TON_0915	845483	846370	-	6013.05	786.19	163.51	
TON_0916	846370	847239	-	17972.14	2440.32	340.95	
TON_0917	847311	847709	+	3301.84	313.76	75.52	
TON_0918	848076	848615	+	1068.81	438.78	689.24	
TON_0919	848935	849528	+	142389.11	181.52	92.39	
TON_0920	849562	849789	+	25621.91	39.67	17.6	
TON_0921	849845	850252	+	11974.99	611.88	53.53	
TON_0922	850366	850470	+	16108.25	1544.74	357.08	
TON_0923	850542	851156	+	8191.56	308.95	135.65	
TON_0924	851459	852040	+	4016.27	1555.55	766.96	
TON_0925	852037	852456	-	1074.49	417.14	225.84	
TON_0926	852513	853088	+	1506.10	585.44	881.34	
TON_0927	853085	853543	-	3592.61	3590.76	2374.2	
TON_0928	853649	854005	+	6100.51	12726.94	8404.29	
TON_0929	855641	856996	-	252.15	199.55	326.29	
TON_0930	857189	857464	+	6449.21	7108.19	15533.5	
TON_0931	857576	858205	+	3633.50	1386.05	1360.14	
TON_0932	858255	858800	+	19130.68	4499.57	8484.21	
TON_0933	858797	859315	-	575.86	235.62	410.61	
TON_0934	859371	860441	+	3444.95	1801.99	2868.4	
TON_0935	860393	860674	-	194.23	10.82	5.87	
TON_0936	860830	861963	+	1790.06	2082.09	1167.3	
TON_0937	861993	864770	+	4073.06	2726.43	5670.81	
TON_0938	864851	865903	-	2092.19	1942.64	2051.58	
TON_0939	866053	866754	+	3493.79	2090.5	4858.39	
TON_0940	866754	867017	+	3120.11	1579.6	4035.7	
TON_0941	867010	867768		5108.93	2631.46	6030.09	
TON_0942	867772	868065		1439.09	827.06	1875.6	
TON_0943	868088	869668	-	2782.77	815.04	1094.71	
TON_0944	869735	870481	+	1987.69	1020.61	1937.2	
TON_0945	870555	871559	-	313.49	299.33	219.97	
TON_0946	871634	872848	+	2389.77	2547.31	803.62	
TON_0947	872985	874244	+	417.98	388.29	899.67	
TON_0948	874248	876041	-	10029.32	6198.18	10060.66	
TON_0949	876141	876419	+	17.04	12.02	13.93	
TON_0950	876422	876595	+	23.85	14.43	12.46	
TON_0951	876598	877110	-	4913.57	2689.16	4394.99	
TON_0952	877200	877406	-	2678.27	2239.57	4120.76	
TON_0953	877412	877624	-	11231.02	8001.37	14519.44	
TON_0954	877703	878074	-	27606.19	28964.09	33128.11	
TON_0955	878252	878863	-	3907.23	1628.88	1902.73	
TON_0956	878905	879852	-	1693.51	1981.11	3850.2	
TON_0957	879804	881696	-	5269.09	4431.05	6953.96	
TON_0958	881811	882767	+	136.30	866.73	546.99	
TON_0959	882787	883200	+	153.34	146.66	161.31	
TON_0960	883181	884443	-	3140.55	1532.71	1750.22	
TON_0961	884685	885977	+	36006.74	17571.51	25201.15	
TON_0962	886004	886240	-	169.24	58.9	54.26	
TON_0963	886790	887932	-	72.69	119.01	134.18	
TON_0964	888060	888995	-	1044.96	819.85	1053.65	
TON_0965	889034	889546	-	664.46	585.44	657.71	
TON_0966	889543	890055	-	2273.92	2457.15	2083.84	
TON_0967	890268	890642	+	68.15	44.48	33.73	
TON_0968	890696	893128	-	2234.16	1597.63	2275.22	
TON_0969	893255	895150	+	2351.15	1832.04	884.28	
TON_0970	895326	895916	+	146.52	121.41	174.51	
TON_0971	896097	896462	+	1256.22	68.52	360.75	
TON_0972	896429	897076	+	1039.28	44.48	83.59	
TON_0973	897084	897599	-	194.23	206.77	255.16	
TON_0974	897647	898438		1504.97	645.54	1616.04	
TON_0975	898435	899196	+	349.83	269.28	470	
TON_0976	899193	899822	-	544.06	412.33	426.74	
TON_0977	899889	900281	-	1495.88	3472.95	734.7	
TON_0978	900376	901167	+	717.84	757.34	1015.52	
TON_0979	901246	903786	-	2739.61	6600.89	6327.78	
TON_0980	903834	904295	-	871.18	1223.77	2209.22	
TON_0981	904321	905448	-	9531.83	5732.95	8440.95	
TON_0982	905572	906690	+	11921.60	22602.42	13641.76	
TON_0983	906746	908197	+	9941.86	35390.67	26067.09	
TON_0984	908345	910189	+	2931.56	10085.86	17159.07	
TON_0985	910200	911264	+	3752.76	10361.15	18082.94	
TON_0986	911299	911898	+	513.39	757.34	891.61	
TON_0987	911967	913985	+	8438.03	17130.33	14097.1	
TON_0988	914076	914699	+	6060.75	2267.21	5257.27	
TON_0989	914700	916838	-	4068.52	5467.28	4502.77	
TON_0990	916982	918226	+	708.75	328.18	517.66	
TON_0991	918184	918528	-	1410.69	32.46	43.99	
TON_0992	918541	919305	-	5658.67	122.62	192.11	
TON_0993	919310	920296	-	29773.34	467.63	629.85	
TON_0994	920298	920747	-	20457.32	203.16	486.87	
TON_0995	920844	921275	+	345.29	697.23	423.81	
TON_0996	921241	921972	+	1347.09	1845.27	1269.22	
TON_0997	921973	922551	-	14300.02	2995.7	4918.51	
TON_0998	922544	923152	-	37256.15	4248.32	9206.45	
TON_0999	923272	924441	+	203.31	328.18	329.95	
TON_1000	924458	925210	+	236.25	305.34	398.14	
TON_1001	925314	926732	+	19437.35	25325.24	18136.47	
TON_1002	926764	927489	+	5216.84	19933.7	7666.66	
TON_1003	927521	927856	-	626.97	212.78	203.84	
TON_1004	927853	928674	-	52814.66	5499.74	15766.66	
TON_1005	929227	930207		1072.22	1656.53	1361.61	
TON_1006	930299	930889	-	9838.50	1543.53	843.22	
TON_1007	930932	931486	-	34.07	163.49	74.79	
TON_1008	931496	932647	-	9914.60	5830.32	7490.69	
TON_1009	932647	932973	-	1507.24	640.73	1179.04	
TON_1010	933015	933623	-	10806.23	3311.86	2040.58	
TON_1011	933720	934433	+	3443.82	2699.98	4922.18	
TON_1012	934533	935912	+	316.89	355.83	926.07	
TON_1013	935913	936761	-	2005.86	1247.81	1398.27	
TON_1014	936763	937656	-	8194.97	6366.47	7367.5	
TON_1015	937706	938428	-	659.91	621.5	768.43	
TON_1016	939053	940156	+	4314.99	6537.18	2363.94	
TON_1017	940254	940892	+	180.60	817.45	91.65	
TON_1018	940903	942795	+	997.25	4937.14	733.96	
TON_1019	942863	943672	+	77.24	801.82	195.04	
TON_1020	943673	943867	+	13.63	195.95	44.73	
TON_1021	943872	945776	+	34.07	519.32	109.98	
TON_1022	945773	946654	+	60.20	549.37	152.51	
TON_1023	946658	948280	+	277.14	1795.98	479.53	
TON_1024	948784	949359	+	137.43	1075.91	245.63	
TON_1025	949349	949633	+	31.80	211.57	79.19	
TON_1026	949630	949989	+	36.35	282.5	74.06	
TON_1027	949982	950236	+	1.14	43.28	3.67	
TON_1028	950237	951007	+	69.29	431.56	101.19	
TON_1029	951000	951404	+	134.03	421.95	126.85	
TON_1030	951401	951886	+	93.14	413.53	110.72	
TON_1031	951897	953459	+	105.63	798.21	145.18	
TON_1032	953602	954648	+	3918.59	5588.7	3848.73	
TON_1033	954845	955219	+	2561.28	1000.17	1041.92	
TON_1034	955262	956338	+	63.61	86.55	45.46	
TON_1035	956367	957080	+	7.95	20.44	11.73	
TON_1036	957092	957538	+	39.75	85.35	52.06	
TON_1037	957535	958188	+	327.12	557.79	666.51	
TON_1038	958400	959104	+	313.49	215.18	170.84	
TON_1039	959117	959497		1510.65	815.04	1372.61	
TON_1040	959421	961421	+	2566.96	1969.09	5058.56	
TON_1041	962122	962868	-	1409.56	1044.65	678.97	
TON_1042	963130	964341	+	13047.21	2803.36	28043.15	
TON_1043	964335	965516	-	4416.08	1437.75	2080.91	
TON_1044	966022	966630	-	849.60	1151.64	1456.93	
TON_1045	966620	967402	-	5922.18	6521.55	7465.02	
TON_1046	967408	968217	-	4660.28	4939.55	4756.47	
TON_1047	968300	969331	+	16729.55	7258.45	5624.61	
TON_1048	969344	969793	+	15982.17	23216.71	10793.89	
TON_1049	969803	970804	-	1566.30	1704.62	849.08	
TON_1050	970797	971483	-	304.40	316.16	153.25	
TON_1051	971488	972255	-	2284.14	1574.79	865.21	
TON_1052	972316	972801	+	529.29	381.07	380.55	
TON_1053	972923	973318	-	2721.43	7425.55	2553.11	
TON_1054	973346	973678	-	3142.82	3827.58	2641.83	
TON_1055	973675	974502	-	5587.12	5808.69	5706.74	
TON_1056	974484	974783	-	2385.23	3404.43	2473.19	
TON_1057	974875	976200	+	31731.50	30112.12	15140.48	
TON_1058	976202	977008	+	27416.51	67509.14	23660.63	
TON_1059	977179	977958	+	1183.53	1949.85	886.48	
TON_1060	977955	978206	+	430.48	1026.62	359.28	
TON_1061	978297	978545	+	173.78	111.8	53.53	
TON_1062	978673	980184	+	8418.72	4807.31	22170.7	
TON_1063	980336	980725	-	12456.58	3759.06	8559	
TON_1064	980787	981230	+	1928.63	552.98	1613.84	
TON_1065	981227	981994	+	3207.57	1351.19	2050.85	
TON_1066	981997	982236	-	20008.67	13610.5	26596.48	
TON_1067	982389	983231	+	1620.82	1551.95	510.33	
TON_1068	983401	984144		1102.88	266.87	233.9	
TON_1069	984126	986495	-	4111.68	6449.42	5864.38	
TON_1070	986545	986970		182.87	158.68	325.55	
TON_1071	986967	987629	-	4983.99	8725.05	9087.66	
TON_1072	987635	991201	-	24170.33	41032.26	46674.55	
TON_1073	991250	991633	-	2210.31	2312.9	5240.4	
TON_1074	991856	992260	-	6133.45	7377.46	10628.92	
TON_1075	992257	993216	-	9907.79	13472.26	18153.33	
TON_1076	993251	993691	-	1795.74	5526.19	4788	
TON_1077	993807	994457	+	740.56	834.28	973	
TON_1078	998473	999027	-	304.40	183.93	404.74	
TON_1079	999169	999333	-	915.47	708.05	1085.91	
TON_1080	999396	1001204	-	19257.89	14486.85	22613.57	
TON_1081	1001316	1002056	+	7271.54	7658.76	8628.66	
TON_1082	1002053	1002796	+	6148.21	5821.91	5936.24	
TON_1083	1002918	1004360	+	429.34	459.21	538.92	
TON_1084	1004504	1005709	+	36550.80	5005.66	3548.84	
TON_1085	1005748	1006785	+	6297.01	526.53	994.99	
TON_1086	1006818	1007837	+	2765.73	828.27	1662.23	
TON_1087	1007910	1009091	+	5698.43	2944.01	6704.66	
TON_1088	1009103	1009522	-	3347.27	2228.75	4400.85	
TON_1089	1009604	1010308	+	6123.22	2377.81	5070.29	
TON_1090	1010315	1011688	-	12458.85	13418.16	21466.8	
TON_1091	1011767	1012969	-	7482.81	12419.19	9042.94	
TON_1092	1013033	1013185	-	380.50	354.63	406.94	
TON_1093	1013262	1014077	+	3466.53	1568.78	2184.29	
TON_1094	1014074	1016590	+	24007.90	29924.59	26123.55	
TON_1095	1016668	1016985	+	772.36	1490.64	798.49	
TON_1096	1016998	1017705	-	1681.02	1616.86	376.15	
TON_1097	1017809	1019194	-	14036.51	26481.69	1903.47	
TON_1098	1019409	1019834	+	497.49	710.46	530.13	
TON_1099	1019834	1020859	+	916.61	1067.49	992.06	
TON_1100	1020872	1021771		5553.04	2400.65	7348.44	
TON_1101	1021810	1022091		1430.00	1245.41	2563.38	
TON_1102	1022109	1022447		5893.79	3549.89	6554.35	
TON_1103	1022525	1022977	-	11407.08	5450.45	18499.42	
TON_1104	1022981	1023397	-	11637.65	3750.64	13478.98	
TON_1105	1023584	1024183		5269.09	1542.33	3990.98	
TON_1106	1024192	1024425	-	4506.95	5379.53	10194.84	
TON_1107	1024439	1025125	-	5976.70	7396.7	13875.66	
TON_1108	1025160	1025435	-	8193.83	4162.97	12097.58	
TON_1109	1025446	1025601	-	14636.22	7318.56	11005.8	
TON_1110	1025722	1027410	-	2376.14	8959.46	6115.15	
TON_1111	1027556	1028413	+	31.80	45.68	51.33	
TON_1112	1028454	1028939	+	299.86	399.11	235.37	
TON_1113	1029039	1029530	+	1682.15	2568.95	1439.33	
TON_1114	1029624	1032017	+	5247.50	20824.47	6381.31	
TON_1115	1032108	1032611	+	319.17	661.17	354.15	
TON_1116	1032643	1032765	+	202.18	219.99	156.91	
TON_1117	1032825	1032974	-	30.67	4.81	9.53	
TON_1118	1033168	1033617	-	35.21	36.06	15.4	
TON_1119	1033382	1033828	+	139.71	191.14	109.25	
TON_1120	1033871	1034605	-	693.99	638.33	783.82	
TON_1121	1034615	1034830	-	427.07	125.02	274.23	
TON_1122	1034893	1035720	+	4810.21	6640.56	6041.09	
TON_1123	1035739	1036074	-	556.55	1614.46	428.94	
TON_1124	1036116	1036832	-	1675.34	1017	1929.13	
TON_1125	1036865	1037326	-	2559.01	764.55	2899.19	
TON_1126	1037390	1037530	+	10.22	85.35	50.59	
TON_1127	1037770	1037973	-	10.22	0	0.73	
TON_1128	1038013	1038576	+	2415.90	2293.66	1835.28	
TON_1129	1038640	1039023	-	137.43	58.9	90.92	
TON_1130	1039447	1039869	+	968.86	821.05	1480.39	
TON_1131	1039862	1040512	+	1264.17	513.31	1481.86	
TON_1132	1040509	1041429	+	909.79	464.02	1028.72	
TON_1133	1041426	1042226		519.07	444.79	497.86	
TON_1134	1042214	1043191		1056.32	1113.17	1242.83	
TON_1135	1043188	1043835		287.36	571.01	593.92	
TON_1136	1043825	1044652		249.88	284.9	372.48	
TON_1137	1044615	1045427	+	128.35	197.15	360.75	
TON_1138	1045434	1046642	+	199.90	115.4	258.83	
TON_1139	1046639	1047709	+	212.40	191.14	321.89	
TON_1140	1047699	1047941	+	140.84	109.39	203.1	
TON_1141	1047925	1049019	+	246.47	593.85	526.46	
TON_1142	1048944	1049714	+	186.28	342.61	380.55	
TON_1143	1049954	1050397	-	346.43	265.67	629.85	
TON_1144	1050548	1051285	+	3224.60	6610.51	3465.25	
TON_1145	1051298	1051525	-	201.04	128.63	125.38	
TON_1146	1051747	1051857	-	411.17	207.97	467.8	
TON_1147	1051854	1052552	-	2155.79	1613.26	2476.12	
TON_1148	1052670	1053440	+	1773.02	2168.64	1888.8	
TON_1149	1053634	1054575	+	860.95	897.99	615.18	
TON_1150	1054591	1054743	+	13.63	21.64	22.73	
TON_1151	1054779	1055924	+	81.78	74.53	40.33	
TON_1152	1056098	1057888	+	1554.94	551.78	214.1	
TON_1153	1057902	1058123	-	335.07	252.45	2213.62	
TON_1154	1058120	1058611	-	2381.82	3099.09	13661.56	
TON_1155	1058622	1059059	-	1436.82	2542.5	4266.67	
TON_1156	1059085	1059693	-	563.37	510.9	519.13	
TON_1157	1059717	1060217	-	570.18	822.26	476.6	
TON_1158	1060286	1061098	+	562.23	656.36	502.26	
TON_1159	1061150	1061620	+	166.97	155.07	52.79	
TON_1160	1061659	1062846	+	94.27	87.76	66.72	
TON_1161	1062858	1063442	+	74.96	70.93	101.92	
TON_1162	1063420	1063791	-	82.92	37.27	33	
TON_1163	1063778	1064185		584.95	224.8	292.56	
TON_1164	1064230	1064793		682.63	405.12	547.72	
TON_1165	1064806	1065579		1226.69	1307.92	1064.65	
TON_1166	1065629	1067236		19840.57	11400.99	11042.46	
TON_1167	1067233	1067772		13238.02	7694.83	6060.89	
TON_1168	1067776	1068339		5710.92	9326.11	3501.18	
TON_1169	1068423	1069133	-	1323.23	1061.48	1904.93	
TON_1170	1068651	1069574	+	17919.89	11736.38	57139.22	
TON_1171	1069555	1070124	-	1507.24	530.14	2397.67	
TON_1172	1070128	1070463	-	962.04	524.13	1307.35	
TON_1173	1070557	1070724	+	905.25	2457.15	953.2	
TON_1174	1070734	1071864	+	7111.39	7823.45	6571.95	
TON_1175	1072044	1072667	-	1107.43	917.22	1451.8	
TON_1176	1072706	1073368	-	81.78	73.33	63.06	
TON_1177	1073418	1075340	-	72.69	345.01	144.45	
TON_1178	1075349	1077079	-	42.03	120.21	31.53	
TON_1179	1077093	1078733	-	177.19	322.17	238.3	
TON_1180	1078735	1079433	-	52.25	58.9	40.33	
TON_1181	1079489	1079968	-	24.99	64.91	22.73	
TON_1182	1079968	1080444	-	19.31	38.47	26.4	
TON_1183	1080477	1081808	-	742.83	692.43	596.85	
TON_1184	1081812	1082288	-	152.20	219.99	189.91	
TON_1185	1082302	1083099	-	106.77	169.5	80.66	
TON_1186	1083110	1083775	-	115.85	152.67	99.72	
TON_1187	1083830	1084570	-	399.81	348.62	164.24	
TON_1188	1084607	1085638	-	152.20	200.76	101.19	
TON_1189	1085678	1086385	-	32.94	62.51	30.8	
TON_1190	1086601	1087554	-	962.04	2118.15	1564.71	
TON_1191	1087564	1087893	-	876.86	887.17	945.13	
TON_1192	1088246	1089325	+	7597.52	4428.64	6237.6	
TON_1193	1089322	1089762	-	116.99	213.98	96.05	
TON_1194	1089767	1090993	-	466.82	801.82	550.66	
TON_1195	1091237	1092100	+	316.89	426.76	527.93	
TON_1196	1092075	1092437	+	368.01	605.87	489.07	
TON_1197	1092449	1093561		899.57	1701.01	885.74	
TON_1198	1093533	1095878		1458.40	6479.47	4134.69	
TON_1199	1095868	1096500		272.60	1878.93	915.07	
TON_1200	1096497	1097222		184.00	913.62	567.52	
TON_1201	1097226	1097714	+	143.11	1452.17	509.6	
TON_1202	1097752	1099995	+	2256.88	7645.54	4704.41	
TON_1203	1100033	1100782	+	1441.36	1692.6	1693.03	
TON_1204	1100803	1101828	+	3221.20	1890.95	2528.91	
TON_1205	1101851	1103134	-	1436.82	836.68	812.42	
TON_1206	1103204	1103950	+	796.21	552.98	274.96	
TON_1207	1103915	1104991	-	7939.41	3311.86	5199.34	
TON_1208	1105241	1106779	+	3397.25	2680.75	4298.93	
TON_1209	1106784	1107188	+	246.47	210.37	300.62	
TON_1210	1107193	1108341	-	84897.13	7694.83	6407.7	
TON_1211	1108571	1109140	-	2739.61	1979.91	1340.35	
TON_1212	1109195	1110460	+	4486.50	4550.06	6587.35	
TON_1213	1110628	1111566	+	964.31	346.21	1146.04	
TON_1214	1111608	1112267	+	3951.53	2755.28	1239.89	
TON_1215	1112422	1112967	-	650.83	1084.32	1088.85	
TON_1216	1112979	1113293	-	791.67	738.11	1055.12	
TON_1217	1113345	1113902	+	2318.22	596.26	845.42	
TON_1218	1113903	1114307	-	160.15	223.6	358.55	
TON_1219	1114308	1114601	-	377.09	455.61	603.45	
TON_1220	1114580	1115863	-	2261.42	2130.17	2755.48	
TON_1221	1115979	1117073	+	3121.24	1530.31	5519.76	
TON_1222	1117070	1117231	-	102.22	64.91	38.13	
TON_1223	1117568	1118005	+	1938.85	650.35	1041.92	
TON_1224	1117977	1118360	-	528.16	430.36	420.87	
TON_1225	1118357	1119004	-	380.50	229.61	262.5	
TON_1226	1119042	1119803	+	256.70	103.38	67.46	
TON_1227	1119842	1120474		772.36	669.59	639.38	
TON_1228	1120516	1121835		540.65	199.55	200.17	
TON_1229	1122089	1122508		509.98	123.82	341.69	
TON_1230	1122619	1122822		5086.22	2416.28	8285.51	
TON_1231	1122877	1123473	-	5491.71	3261.37	3684.49	
TON_1232	1123587	1124756		1621.96	1709.43	2851.53	
TON_1233	1124753	1125331	-	1382.30	932.85	963.47	
TON_1234	1125429	1126763	-	38488.52	25986.41	58352.71	
TON_1235	1127155	1127358	+	2619.21	2948.82	3856.79	
TON_1236	1127387	1127881	-	373.69	640.73	766.96	
TON_1237	1127891	1128802	-	6881.95	15710.62	12742.82	
TON_1238	1128809	1129120	-	16856.76	21646.73	29835.17	
TON_1239	1129244	1130083	+	1159.68	351.02	2295.01	
TON_1240	1130184	1130693	+	1922.95	1377.64	1069.78	
TON_1241	1130698	1131051	+	1424.32	753.73	819.02	
TON_1242	1131041	1132504	-	1216.47	1776.75	1127.71	
TON_1243	1132513	1133274	-	1658.30	1703.42	1506.06	
TON_1244	1133359	1134669	-	1774.16	5404.77	1447.4	
TON_1245	1134666	1134845	-	1614.01	4320.45	2255.42	
TON_1246	1135197	1135499	+	30.67	10.82	16.13	
TON_1247	1135538	1136215	-	1218.74	435.17	1564.71	
TON_1248	1136309	1137586	+	2581.73	1594.02	1004.53	
TON_1249	1137647	1138795	+	850.73	19389.13	2861.8	
TON_1250	1138860	1139462	+	2564.69	2151.81	1498.72	
TON_1251	1139467	1140114	+	2608.99	1707.02	1613.11	
TON_1252	1140117	1140635	+	2223.94	1990.72	1794.95	
TON_1253	1140637	1141089	+	1947.94	1880.13	1731.16	
TON_1254	1141186	1141530	-	4501.27	5537	2454.86	
TON_1255	1141517	1142287	-	1693.51	2612.23	2010.52	
TON_1256	1142321	1143571	-	11750.09	22449.75	12299.22	
TON_1257	1143637	1143828	-	12563.34	11809.71	7774.45	
TON_1258	1144038	1144445	+	2682.82	419.54	825.62	
TON_1259	1144531	1145709	+	1966.11	1691.39	1945.26	
TON_1260	1145723	1145986		421.39	702.04	742.03	
TON_1261	1145999	1147204		313.49	724.88	485.4	
TON_1262	1147194	1147520	+	9.09	46.88	32.26	
TON_1263	1148299	1149018	-	1785.51	2165.03	2370.54	
TON_1264	1149064	1149966	-	1186.94	572.21	559.46	
TON_1265	1150468	1151904	+	879.13	248.84	283.76	
TON_1266	1151901	1152407	+	297.59	121.41	138.58	
TON_1267	1152613	1152885	+	229.44	155.07	136.38	
TON_1268	1152878	1154044	+	739.42	427.96	313.82	
TON_1269	1154207	1156117	+	1364.12	992.96	942.2	
TON_1270	1156196	1156873	+	1975.20	1220.16	1873.4	
TON_1271	1157017	1158336	+	3438.14	3266.18	3722.61	
TON_1272	1158402	1158596	+	2.27	6.01	8.8	
TON_1273	1158620	1158922	+	3.41	4.81	1.47	
TON_1274	1159107	1159451	+	47.70	16.83	12.46	
TON_1275	1159482	1159652	+	22.72	8.41	27.86	
TON_1276	1159737	1160900	+	168.10	435.17	310.89	
TON_1277	1161095	1161949	+	99.95	476.04	579.25	
TON_1278	1161987	1162529	+	534.97	177.92	428.21	
TON_1279	1162513	1163751	-	87.46	97.37	177.44	
TON_1280	1163925	1164986	-	143.11	180.32	197.24	
TON_1281	1165050	1166210	-	528.16	1127.6	846.88	
TON_1282	1166217	1167701	-	771.22	1918.6	1569.85	
TON_1283	1167920	1169086	-	1693.51	1416.11	3014.31	
TON_1284	1169205	1169657	+	874.58	2856.26	920.2	
TON_1285	1169734	1170234	+	1184.66	1080.71	1530.25	
TON_1286	1170314	1171039	+	3669.85	3427.27	3489.45	
TON_1287	1171096	1171509	+	988.17	568.61	1059.52	
TON_1288	1171511	1171738	+	157.88	152.67	192.84	
TON_1289	1171739	1172635	+	1066.54	599.86	850.55	
TON_1290	1172619	1172900	-	354.38	816.25	250.76	
TON_1291	1172944	1173585		538.38	360.64	261.76	
TON_1292	1173626	1174033	-	1527.68	705.65	648.91	
TON_1293	1174092	1174934	+	116.99	67.32	225.84	
TON_1294	1175500	1175718	+	2.27	2.4	0	
TON_1295	1175757	1177013	-	8620.90	16858.65	8125.66	
TON_1296	1177252	1178220	+	10114.51	8096.34	14636.02	
TON_1297	1178275	1179057	-	544.06	938.86	449.47	
TON_1298	1179126	1180382	-	963.18	1491.84	618.85	
TON_1299	1180681	1181943	+	7644.09	5058.56	5765.39	
TON_1300	1181949	1182629	+	5757.49	2627.85	5466.97	
TON_1301	1182802	1183854	+	2386.37	8042.24	12888	
TON_1302	1183865	1185025	+	1643.54	9649.49	12830.81	
TON_1303	1185027	1185431	+	2394.32	6951.91	11334.28	
TON_1304	1185537	1185830	-	2049.03	1108.36	1180.5	
TON_1305	1185849	1186352	-	2522.66	739.31	948.07	
TON_1306	1186423	1186956	+	5329.28	3810.75	4155.95	
TON_1307	1186961	1187368	-	6097.10	5101.83	6114.41	
TON_1308	1188031	1188366	+	414.58	94.97	140.05	
TON_1309	1188584	1189162	+	3314.33	2891.12	4769.67	
TON_1310	1189183	1190190	+	2499.95	3561.91	4941.98	
TON_1311	1190205	1190813	-	3812.96	7007.21	4780.67	
TON_1312	1190810	1192756	-	58259.80	69605.65	49546.61	
TON_1313	1192768	1194147	-	48058.97	34865.34	35380.59	
TON_1314	1194334	1195008	+	3949.26	6592.47	3593.56	
TON_1315	1195054	1196052	+	13660.55	7325.77	11809.42	
TON_1316	1196126	1196272	-	4763.64	1792.37	4059.9	
TON_1317	1196321	1197133	-	8874.19	7140.64	5135.55	
TON_1318	1197177	1197818	-	2162.61	1162.46	1352.81	
TON_1319	1197818	1198534	-	3941.31	2834.62	2573.64	
TON_1320	1198545	1199687	-	339.61	916.02	733.23	
TON_1321	1199688	1200476	-	101.09	193.54	139.31	
TON_1322	1200519	1201367	-	1674.20	1037.44	1783.22	
TON_1323	1201419	1201937	-	1014.29	816.25	599.78	
TON_1324	1202057	1203205	-	1333.46	1265.84	3817.2	
TON_1325	1203284	1203691	+	1582.20	1054.27	2144.7	
TON_1326	1203674	1205176	-	427.07	2655.5	515.46	
TON_1327	1205173	1205430	-	34.07	176.71	25.66	
TON_1328	1205456	1205857	-	115.85	275.29	79.19	
TON_1329	1205854	1206096	-	197.63	280.1	145.91	
TON_1330	1206093	1206323	-	79.51	189.94	46.93	
TON_1331	1206304	1206618	-	124.94	215.18	67.46	
TON_1332	1206611	1206883	-	290.77	445.99	230.23	
TON_1333	1206859	1207464	-	592.90	860.72	475.87	
TON_1334	1207661	1208065	+	971.13	1281.47	654.78	
TON_1335	1208143	1208481	+	1461.80	2269.62	866.68	
TON_1336	1208759	1210210	-	3066.72	891.98	1439.33	
TON_1337	1210210	1211076	-	1942.26	577.02	813.15	
TON_1338	1211242	1211454	+	213.53	213.98	217.04	
TON_1339	1211441	1212202	-	1868.43	932.85	1442.27	
TON_1340	1212183	1212821	-	7254.51	2098.92	2081.64	
TON_1341	1212879	1213223	+	7157.96	6355.65	4499.1	
TON_1342	1213224	1213469	-	9953.22	29144.41	20801.03	
TON_1343	1213608	1215788	+	5841.54	3779.49	15333.32	
TON_1344	1215836	1216393	+	2627.16	2341.75	7048.55	
TON_1345	1216379	1217188	-	942.73	1477.42	330.69	
TON_1346	1217259	1217666	+	1065.40	542.16	887.21	
TON_1347	1217677	1218954	-	798.48	922.03	380.55	
TON_1348	1218951	1219709	-	364.60	385.88	167.18	
TON_1349	1219865	1220071	-	56.79	68.52	19.8	
TON_1350	1220083	1220382	-	180.60	168.3	35.93	
TON_1351	1220383	1220751	-	208.99	128.63	57.19	
TON_1352	1220752	1221360	-	341.88	175.51	63.79	
TON_1353	1222015	1223142	+	3627.82	2484.8	6296.99	
TON_1354	1223352	1225169	+	53766.48	8688.99	8029.61	
TON_1355	1225480	1227450	+	233.98	106.99	110.72	
TON_1356	1227491	1229251	+	1202.84	595.05	1457.66	
TON_1357	1229253	1229924	-	809.84	763.35	1100.58	
TON_1358	1229921	1230973	-	5512.15	3399.62	4963.24	
TON_1359	1231033	1231824	+	992.71	780.18	2098.51	
TON_1360	1231888	1232418	+	1169.90	1893.35	1016.99	
TON_1361	1232550	1232753	+	4280.92	14885.96	5901.04	
TON_1362	1232938	1234110	-	11706.93	7363.04	7899.83	
TON_1363	1234414	1235316	-	1840.03	670.79	710.5	
TON_1364	1235368	1235697	+	582.68	1675.77	717.83	
TON_1365	1235654	1236562	-	682.63	393.1	366.62	
TON_1366	1236618	1237940	+	2773.68	3287.82	2848.6	
TON_1367	1237946	1238311	+	240.79	1258.63	394.48	
TON_1368	1238308	1238853	-	4236.62	9555.72	2242.95	
TON_1369	1238853	1239635	-	1702.60	3287.82	1213.5	
TON_1370	1239642	1240007	-	1333.46	1443.76	526.46	
TON_1371	1240483	1240587	+	20.44	25.24	0	
TON_1372	1240974	1241768	-	1525.41	687.62	1076.38	
TON_1373	1242126	1242857	+	18536.64	8434.13	20787.83	
TON_1374	1242868	1243653	-	3839.08	1505.06	1409.27	
TON_1375	1243858	1244706	+	3513.10	1594.02	871.08	
TON_1376	1244707	1246155	+	3793.65	1601.24	1212.03	
TON_1377	1246171	1246635	-	1959.30	768.16	2558.24	
TON_1378	1246841	1247944	+	742.83	373.86	309.42	
TON_1379	1248192	1250594	+	2329.57	1250.21	1047.79	
TON_1380	1250591	1252192	+	2892.94	1233.38	1113.78	
TON_1381	1254314	1254889	-	128.35	73.33	55.73	
TON_1382	1255554	1256738	+	630.38	476.04	806.55	
TON_1383	1256859	1258358	+	1281.21	1648.12	2218.02	
TON_1384	1258589	1259065	-	1507.24	3377.98	1696.7	
TON_1385	1259299	1260495	+	22760.77	11209.85	19751.04	
TON_1386	1260482	1261609	-	257.83	119.01	76.26	
TON_1387	1261693	1262244	+	1710.55	1109.56	1159.24	
TON_1388	1262287	1263222	+	5238.42	3482.57	8498.15	
TON_1389	1263212	1263703	+	3954.94	2758.89	6176.74	
TON_1390	1263693	1264640	-	1852.53	1270.65	675.31	
TON_1391	1264643	1265827	-	897.30	665.98	332.89	
TON_1392	1265828	1266748	-	1922.95	728.49	479.53	
TON_1393	1266815	1267729	-	1788.92	357.03	395.21	
TON_1394	1267819	1268985	+	56.79	43.28	35.93	
TON_1395	1268989	1269570	-	1548.13	925.64	582.92	
TON_1396	1269706	1270392	+	9342.15	4126.91	5527.09	
TON_1397	1270398	1271978	-	12991.55	6354.45	7301.51	
TON_1398	1272111	1272986	+	973.40	378.67	387.15	
TON_1399	1273057	1273665	+	1442.50	2560.53	4592.96	
TON_1400	1273662	1274228	-	22396.17	4144.94	6643.07	
TON_1401	1274306	1274461	-	9330.79	1424.52	2812.67	
TON_1402	1279974	1280240	-	2.27	7.21	0	
TON_1403	1280533	1281372	-	1601.51	1993.13	1725.29	
TON_1404	1281439	1282143	-	3237.10	4322.85	3303.94	
TON_1405	1282133	1282516	-	42405.97	14080.53	22089.31	
TON_1406	1282616	1283251	+	1691.24	791	1148.24	
TON_1407	1283263	1283937	+	651.96	216.38	477.33	
TON_1408	1284009	1285424	-	7226.11	9329.72	9622.92	
TON_1409	1285390	1286136	-	4268.42	3486.17	3998.31	
TON_1410	1286264	1287190	+	2788.45	17428.46	9679.38	
TON_1411	1287229	1288176	+	7505.52	9490.81	5628.28	
TON_1412	1288112	1289125	+	2721.43	4081.23	3048.77	
TON_1413	1289130	1290632	-	5247.50	6692.25	4848.12	
TON_1414	1290632	1291612	-	4670.51	5565.86	3023.11	
TON_1415	1291759	1292946	+	13108.54	18316.83	7449.63	
TON_1416	1292970	1293365	-	185.14	298.13	193.57	
TON_1417	1293365	1293880	-	3950.39	1684.18	2678.49	
TON_1418	1293877	1294380	-	4719.35	2143.4	3449.85	
TON_1419	1294418	1295986	-	194.23	401.51	333.62	
TON_1420	1296243	1298003	+	9527.29	7533.74	11720.7	
TON_1421	1298013	1299383	+	4981.72	4309.63	5738.27	
TON_1422	1299380	1302034	+	5148.69	9619.43	10850.35	
TON_1423	1302027	1303361	+	1959.30	3147.17	3028.98	
TON_1424	1303402	1304418	+	3209.84	1301.91	1410.74	
TON_1425	1304418	1305140	+	4893.13	4021.12	2084.58	
TON_1426	1305176	1305778	+	20721.96	36514.66	13091.84	
TON_1427	1305818	1306906	+	21906.63	8551.94	17085.75	
TON_1428	1306914	1308047	+	6210.68	5062.16	6360.78	
TON_1429	1308031	1308303	-	27.26	39.67	12.46	
TON_1430	1308426	1309214	+	589.49	131.03	85.05	
TON_1431	1309274	1309729	-	620.16	431.56	874.01	
TON_1432	1309938	1311284	+	4209.36	2476.38	1303.68	
TON_1433	1311374	1311616	+	823.47	4036.75	612.25	
TON_1434	1311808	1312221	-	244.20	241.63	132.71	
TON_1435	1312208	1312501	-	115.85	171.9	65.26	
TON_1436	1312498	1313388	-	93.14	153.87	87.99	
TON_1437	1313508	1314440	+	1487.93	328.18	457.54	
TON_1438	1314443	1314898	+	858.68	286.11	228.77	
TON_1439	1314946	1316508	+	1621.96	919.63	1974.59	
TON_1440	1316485	1317078	-	90.87	554.18	208.24	
TON_1441	1317212	1318012	+	502.03	525.33	549.19	
TON_1442	1318009	1318581	+	885.94	782.59	1099.11	
TON_1443	1318605	1320347	+	1484.52	1652.93	1363.08	
TON_1444	1320904	1321479	+	374.82	421.95	307.22	
TON_1445	1321476	1322825	-	909.79	2358.58	1651.97	
TON_1446	1322884	1323267	-	2096.73	2981.28	4017.37	
TON_1447	1323272	1324975	-	4046.94	6142.88	7295.65	
TON_1448	1325015	1325407	-	7410.11	2840.63	3004.05	
TON_1449	1325659	1326444	-	338.48	508.5	357.82	
TON_1450	1326680	1327255	+	640.60	620.3	622.51	
TON_1451	1327289	1329445	-	205.58	227.2	413.54	
TON_1452	1329486	1330148	-	101.09	241.63	217.04	
TON_1453	1330213	1331508	-	1656.03	1614.46	1745.09	
TON_1454	1331505	1332866	-	5499.66	2356.17	3762.21	
TON_1455	1332949	1333458	+	8637.94	6177.74	13123.37	
TON_1456	1333455	1333709	+	1243.73	1111.97	2101.44	
TON_1457	1333706	1334155	-	1527.68	3023.35	1738.49	
TON_1458	1334159	1335436	-	1418.64	1896.96	1495.79	
TON_1459	1335446	1335991	-	2430.66	1454.58	2874.27	
TON_1460	1336109	1338025	+	20039.33	18205.04	16839.38	
TON_1461	1338020	1339297	-	1213.06	807.83	1416.6	
TON_1462	1339388	1340494	-	2095.59	1319.94	1370.41	
TON_1463	1341022	1341945	-	11818.24	7746.52	6997.22	
TON_1464	1341942	1342589	-	12714.41	8751.5	8028.15	
TON_1465	1342624	1343523	-	11171.96	6658.59	8451.95	
TON_1466	1343569	1344288	+	674.68	546.97	1219.36	
TON_1467	1344275	1344814	+	1927.49	1745.49	1954.06	
TON_1468	1344790	1345827	+	16643.22	28741.69	19602.93	
TON_1469	1345861	1346340	+	80.64	114.2	65.26	
TON_1470	1346347	1347513	+	56.79	76.94	28.6	
TON_1471	1347538	1348290	-	1506.10	373.86	896.74	
TON_1472	1348397	1348732	+	2095.59	809.03	2597.84	
TON_1473	1348773	1349132	-	1643.54	605.87	222.17	
TON_1474	1349239	1350528	+	7420.34	2296.07	4804.86	
TON_1475	1350508	1351470	-	82.92	1626.48	3695.48	
TON_1476	1351697	1352257	+	13645.78	38131.52	29776.51	
TON_1477	1352305	1352613	+	7966.67	17135.14	18169.46	
TON_1478	1352624	1353811	+	20879.84	103667.96	72377.22	
TON_1479	1353817	1354752	+	4728.43	28518.1	20656.58	
TON_1480	1354815	1355132	+	5208.89	37366.97	19846.36	
TON_1481	1355144	1356328	+	14315.92	79211.86	75788.21	
TON_1482	1356339	1357334	+	3951.53	31969.41	21297.42	
TON_1483	1357465	1358382	+	30810.35	14479.64	8395.49	
TON_1484	1358513	1359877	+	429.34	353.43	215.57	
TON_1485	1359861	1360595	-	9735.14	2168.64	4524.03	
TON_1486	1360637	1361173	-	53298.52	14724.87	46636.42	
TON_1487	1361316	1361600	-	1876.38	1220.16	1523.65	
TON_1488	1361712	1362605	-	3356.36	2140.99	8597.13	
TON_1489	1362747	1363340	+	4362.70	1606.04	3545.9	
TON_1490	1363330	1363605	-	467.96	295.72	371.01	
TON_1491	1363679	1363993	+	3182.58	1030.22	1473.06	
TON_1492	1363966	1364574	+	1614.01	891.98	556.52	
TON_1493	1364668	1365504	-	180.60	174.31	137.11	
TON_1494	1365607	1366803	+	3676.66	4809.72	3368.46	
TON_1495	1366836	1367663	+	663.32	168.3	156.18	
TON_1496	1368053	1368289	+	4441.07	7292.11	4018.84	
TON_1497	1368397	1369524	+	1482.25	12220.84	1362.34	
TON_1498	1369681	1371642	+	6024.41	5151.12	15339.92	
TON_1499	1371745	1373418	-	207.86	162.29	197.97	
TON_1500	1373454	1374305	-	115.85	348.62	368.08	
TON_1501	1374537	1375799	+	2119.45	997.77	1596.24	
TON_1502	1375920	1376867	+	475.91	209.17	249.3	
TON_1503	1376915	1377757	+	4566.01	5302.59	1949.66	
TON_1504	1377906	1378808	+	28422.85	16050.82	21916.27	
TON_1505	1378818	1380524	+	3580.12	6790.82	5991.23	
TON_1506	1380525	1382825	-	1067.67	1572.38	1196.63	
TON_1507	1382924	1383220	+	715.57	376.27	725.9	
TON_1508	1383799	1384434	-	2052.43	904	1261.89	
TON_1509	1384238	1385170	+	751.92	670.79	322.62	
TON_1510	1385875	1386300	-	14110.34	23758.87	7964.35	
TON_1511	1386364	1387623	-	6763.83	2921.17	4514.5	
TON_1512	1387731	1387946	+	4230.94	6610.51	1629.97	
TON_1513	1388778	1389335	-	547.47	221.19	286.69	
TON_1514	1389443	1390150	+	472.50	131.03	309.42	
TON_1515	1390140	1391828	-	6481.01	5410.78	6882.11	
TON_1516	1391869	1392771	-	1470.89	1023.01	1797.15	
TON_1517	1392845	1394503	-	170.37	1023.01	731.03	
TON_1518	1394814	1395401	-	2741.88	1753.91	3952.85	
TON_1519	1395411	1395770	-	4591.00	1898.16	4409.65	
TON_1520	1395932	1397704	+	103014.65	62350.8	14833.99	
TON_1521	1397715	1398020	+	48022.62	33389.12	8124.2	
TON_1522	1398035	1399483	-	1233.50	839.09	802.15	
TON_1523	1399564	1399917	+	887.08	395.5	618.85	
TON_1524	1399914	1400588	+	817.79	284.9	612.25	
TON_1525	1400553	1400993	-	27368.80	3985.06	7666.66	
TON_1526	1401283	1401864	+	1826.40	1428.13	3162.42	
TON_1527	1401861	1402418	+	2739.61	1565.17	5523.43	
TON_1528	1402483	1402734	-	489.54	659.97	420.14	
TON_1529	1402842	1403369	-	1573.12	1357.2	1555.92	
TON_1530	1403465	1404352	+	199.90	64.91	89.45	
TON_1531	1405237	1405884	+	456.60	224.8	461.2	
TON_1532	1405939	1406688	-	902.98	425.55	1039.72	
TON_1533	1407539	1408015	-	2850.92	1899.36	1493.59	
TON_1534	1407988	1408539	-	2492.00	1566.37	1795.68	
TON_1535	1408604	1409683	+	1985.42	2137.38	5475.77	
TON_1536	1409693	1410628	+	1142.64	1432.94	3017.25	
TON_1537	1410670	1410870	+	8155.21	5484.11	4414.05	
TON_1538	1410861	1411337	+	1709.41	1709.43	2760.61	
TON_1539	1411343	1412191	+	4128.72	2541.3	5961.17	
TON_1540	1412197	1413594	-	1845.71	1208.14	4155.95	
TON_1541	1413601	1414923	-	614.48	477.25	1897.6	
TON_1542	1414934	1417909	-	3293.89	1853.68	6489.83	
TON_1543	1418111	1419982	-	590.63	1585.61	643.78	
TON_1544	1420051	1420377	+	366.87	240.43	841.75	
TON_1545	1420345	1420992	-	1050.64	565	1610.18	
TON_1546	1421045	1421272	+	5503.07	15753.9	6580.75	
TON_1547	1421316	1422170	-	17.04	42.07	28.6	
TON_1548	1422170	1422832	-	20.44	12.02	7.33	
TON_1549	1422874	1423023	+	96.55	10.82	16.13	
TON_1550	1423097	1423444	-	1620.82	270.48	139.31	
TON_1551	1423567	1424241	-	91262.29	3125.53	1919.6	
TON_1552	1424246	1425466	-	32303.96	1166.06	838.82	
TON_1553	1425563	1427200	-	28493.27	20017.85	15382.45	
TON_1554	1427309	1427665	+	2180.78	1630.09	4315.06	
TON_1555	1427662	1428228	-	93.14	50.49	116.58	
TON_1556	1428248	1428649	-	1048.37	776.58	1830.14	
TON_1557	1428823	1430100	-	10399.60	6456.63	16202.94	
TON_1558	1430214	1430426	-	8427.81	18397.38	33056.98	
TON_1559	1430702	1431880	+	236952.10	53840.94	70785.38	
TON_1560	1431883	1432560	+	60792.68	22274.24	17063.02	
TON_1561	1432557	1433387	+	70409.70	39566.86	18512.61	
TON_1562	1433434	1434192	+	12145.36	11296.4	3808.4	
TON_1563	1434543	1436678	+	17227.04	273948.28	93744.3	
TON_1564	1436684	1437184	+	4849.97	119564.91	26014.3	
TON_1565	1437189	1438631	+	4461.51	55593.64	13598.5	
TON_1566	1438635	1439849	+	474.77	16049.62	3401.46	
TON_1567	1439852	1441924	+	1988.83	69397.68	19387.36	
TON_1568	1441935	1442858	+	2041.07	61219.6	17851.97	
TON_1569	1442869	1444623	+	3414.29	141446.06	40054.94	
TON_1570	1444625	1445122	+	616.75	37018.35	11769.82	
TON_1571	1445119	1445940	+	984.76	63079.29	15411.05	
TON_1572	1445900	1446181	+	461.14	47109.02	22054.85	
TON_1573	1446187	1447215	+	136.30	51505.2	10462.47	
TON_1574	1447258	1447539	+	74.96	12625.96	2710.75	
TON_1575	1447536	1447895	+	64.74	10875.66	2908.73	
TON_1576	1447888	1448142	+	6.81	2003.95	556.52	
TON_1577	1448143	1448898	+	185.14	36900.54	12571.24	
TON_1578	1448895	1449299	+	170.37	26070.56	12952.52	
TON_1579	1449296	1449781	+	134.03	40966.14	8894.09	
TON_1580	1449793	1451361	+	173.78	50970.25	10375.95	
TON_1581	1451413	1452000	+	113.58	18630.59	3484.31	
TON_1582	1452138	1452644	+	36470.16	1862.1	526.46	
TON_1583	1452641	1452904	+	25617.36	1603.64	302.82	
TON_1584	1452901	1453272	+	13333.43	1446.16	238.3	
TON_1585	1453269	1453535	+	6607.09	699.64	167.18	
TON_1586	1453532	1453828	+	25466.30	2221.53	677.51	
TON_1587	1453825	1454271	+	13140.34	1544.74	417.21	
TON_1588	1454268	1454627	+	976.81	455.61	66.72	
TON_1589	1454624	1456222	+	27034.87	9053.23	1840.41	
TON_1590	1456224	1456571	+	24218.03	7424.35	1759.02	
TON_1591	1456576	1457103	+	7178.40	1875.32	493.46	
TON_1592	1457103	1457672	+	9221.75	2630.26	1066.85	
TON_1593	1457669	1458949	+	25392.47	7717.67	3338.4	
TON_1594	1458955	1459947	+	5153.23	2032.8	914.34	
TON_1595	1459944	1460402	+	4145.76	2882.7	664.31	
TON_1596	1460676	1461164		1127.87	1490.64	1237.69	
TON_1597	1461211	1461384	-	1.14	12.02	2.2	
TON_1598	1461381	1462079	-	993.85	330.59	197.97	
TON_1599	1462117	1462602	-	2355.70	720.08	544.79	
TON_1600	1462664	1463869	+	2371.60	2977.67	1867.54	
TON_1601	1463866	1464393	+	1436.82	1286.28	1118.18	
TON_1602	1464413	1464916	+	1928.63	821.05	898.21	
TON_1603	1465349	1466341	+	9501.16	3351.53	3479.18	
TON_1604	1466361	1466552	-	19.31	2.4	6.6	
TON_1605	1466833	1468170	+	1113.11	489.27	934.14	
TON_1606	1468245	1468844	+	435.02	364.24	616.65	
TON_1607	1468841	1469125	-	6550.29	4613.77	3199.82	
TON_1608	1469112	1469795	-	22304.17	15043.44	11518.32	
TON_1609	1469962	1470267	-	3128.06	1687.79	1442.27	
TON_1610	1470299	1471516	-	1773.02	877.55	508.13	
TON_1611	1471678	1472895	-	77.24	48.09	50.59	
TON_1612	1472958	1473863	-	139.71	233.21	132.71	
TON_1613	1474039	1475331	+	9094.54	12611.53	11117.25	
TON_1614	1475513	1476343	+	3773.21	1952.26	4491.77	
TON_1615	1476423	1476875	-	18981.88	12404.76	13447.45	
TON_1616	1476931	1477485	-	1225.55	1501.46	1050.72	
TON_1617	1477528	1478016	-	3150.77	4605.35	2806.81	
TON_1618	1478074	1478991	+	3830.00	1440.15	3413.19	
TON_1619	1478988	1479920	-	806.43	286.11	424.54	
TON_1620	1480028	1480456	-	6519.63	3359.95	2323.61	
TON_1621	1480556	1481428	+	3559.67	2782.93	3939.65	
TON_1622	1481421	1482119	-	3201.89	1871.71	2433.59	
TON_1623	1482121	1482387	-	4982.86	3069.03	3173.42	
TON_1624	1482459	1482971	-	8876.46	2126.57	3223.28	
TON_1625	1483012	1483533	-	5472.40	907.61	769.16	
TON_1626	1483639	1485897	+	24355.46	1156.45	101.19	
TON_1627	1485894	1488266	+	37498.08	3629.23	445.8	
TON_1628	1488321	1489220	+	38992.82	7221.19	11659.1	
TON_1629	1489266	1489784		5319.06	1007.38	2817.81	
TON_1630	1489794	1490945	+	4748.88	2179.46	3504.11	
TON_1631	1490948	1491994	+	1218.74	1622.87	1649.04	
TON_1632	1491997	1492833	+	3435.87	2978.87	3062.71	
TON_1633	1492817	1493608	-	2464.74	3195.26	5000.63	
TON_1634	1493599	1494576	-	3240.50	3646.06	6335.85	
TON_1635	1494608	1495141	-	1030.19	1491.84	1112.31	
TON_1636	1495190	1496506	-	3547.18	2899.53	2490.05	
TON_1637	1496507	1497712	-	4038.99	2302.08	2623.5	
TON_1638	1497785	1498267	+	935.92	247.64	255.16	
TON_1639	1498245	1498472	-	22.72	6.01	18.33	
TON_1640	1498586	1499266	+	1013.15	979.73	860.08	
TON_1641	1499968	1500654	-	156.74	197.15	309.42	
TON_1642	1500693	1506008	-	2979.27	19295.37	9732.91	
TON_1643	1506011	1508116	-	927.97	5267.73	3512.18	
TON_1644	1508116	1509363	-	667.86	996.56	815.35	
TON_1645	1509623	1510249	-	2756.64	5806.28	2282.55	
TON_1646	1510927	1511943	+	113.58	167.1	294.76	
TON_1647	1512120	1513181	+	34749.39	18640.21	25850.79	
TON_1648	1513217	1513969	+	1154.00	557.79	1100.58	
TON_1649	1513966	1514346	-	950.68	797.01	412.81	
TON_1650	1514356	1515084	-	1083.58	1412.5	555.79	
TON_1651	1515202	1515975	+	2916.79	1198.52	1716.49	
TON_1652	1516122	1516580	+	205.58	281.3	145.18	
TON_1653	1516653	1517927	+	2331.85	1829.64	4010.04	
TON_1654	1517924	1518883	+	654.23	1632.49	1946.73	
TON_1655	1518894	1519451	+	389.59	848.7	435.54	
TON_1656	1519547	1520119	+	48.84	51.69	35.2	
TON_1657	1520112	1520819	+	11.36	12.02	5.87	
TON_1658	1520990	1523023		218.08	372.66	258.1	
TON_1659	1523066	1524508	+	1568.57	1622.87	1670.3	
TON_1660	1524547	1525923		2690.77	2308.09	3314.94	
TON_1661	1526073	1526630	-	2260.29	2512.45	2547.98	
TON_1662	1526631	1526936	-	8259.71	5714.92	7341.11	
TON_1663	1526961	1527536	-	10554.07	5498.54	6744.99	
TON_1664	1527681	1528997	+	1407.29	1557.96	1010.39	
TON_1665	1529056	1530465	+	7096.63	10796.32	5766.13	
TON_1666	1530586	1531740	+	2729.38	2778.12	3957.98	
TON_1667	1531753	1532430	+	362.33	632.32	646.71	
TON_1668	1532405	1532791	+	21.58	111.8	42.53	
TON_1669	1533149	1534861	+	5814.28	17892.48	6746.46	
TON_1670	1534872	1535384	+	1399.33	6930.27	1657.1	
TON_1671	1535478	1536575	-	1093.80	1808	3050.24	
TON_1672	1536582	1537655	-	2184.19	1340.37	3389.73	
TON_1673	1538036	1539466	+	23992.00	22527.89	29626.19	
TON_1674	1539478	1540461	+	5172.54	5987.8	7426.16	
TON_1675	1540468	1542327	+	7469.18	12363.89	9231.38	
TON_1676	1542339	1543406	+	2280.73	6907.43	2556.04	
TON_1677	1543403	1544317	+	834.83	3133.95	1640.24	
TON_1678	1544291	1544782	-	7881.48	16574.95	14017.18	
TON_1679	1544905	1545198	+	90.87	117.81	102.65	
TON_1680	1545238	1545732	-	2611.26	2964.45	1928.4	
TON_1681	1545802	1546662	+	127.21	84.15	44.73	
TON_1682	1546649	1547101	+	74.96	82.95	91.65	
TON_1683	1547070	1548023	+	208.99	278.89	288.16	
TON_1684	1548033	1549340	+	155.61	147.86	181.84	
TON_1685	1549337	1549762	+	3.41	14.43	14.66	
TON_1686	1549759	1550592	-	1857.07	972.52	1766.35	
TON_1687	1550749	1552248	+	2796.40	1850.08	783.82	
TON_1688	1552317	1552667	-	4489.91	2618.24	3213.75	
TON_1689	1552677	1553789	-	3432.46	2440.32	2399.86	
TON_1690	1553851	1554453		697.40	528.94	857.15	
TON_1691	1554564	1556498	+	7143.19	3618.41	3320.8	
TON_1692	1556637	1557608		2827.06	1465.39	2730.55	
TON_1693	1557715	1558443		475.91	450.8	231.7	
TON_1694	1558440	1559579	-	5918.78	3680.92	5337.92	
TON_1695	1559631	1560515	-	545.20	504.89	824.15	
TON_1696	1560512	1561783	-	1198.29	762.15	1767.82	
TON_1697	1561937	1563028	+	2649.88	3226.51	2349.27	
TON_1698	1563114	1564316	+	679.22	2026.79	1761.22	
TON_1699	1564267	1564704	+	1301.65	1896.96	2743.02	
TON_1700	1564701	1565834	+	3055.37	5742.57	5774.19	
TON_1701	1565834	1566859	+	3174.63	9276.83	8091.94	
TON_1702	1567851	1569401	-	85.19	876.35	265.43	
TON_1703	1569422	1570165	-	208.99	635.93	377.61	
TON_1704	1570184	1570729	-	544.06	3044.99	874.01	
TON_1705	1570769	1572199	-	563.37	2386.23	1201.77	
TON_1706	1572205	1573140	-	1005.20	3792.72	2033.98	
TON_1707	1573170	1574309	-	436.16	3102.69	1552.98	
TON_1708	1574335	1574562	-	300.99	1489.44	1374.81	
TON_1709	1574986	1575849	+	504.31	560.19	197.24	
TON_1710	1575839	1576990	-	5634.82	2840.63	4398.65	
TON_1711	1577028	1578203	-	968.86	1503.86	494.93	
TON_1712	1578205	1578453	-	332.80	247.64	172.31	
TON_1713	1578527	1579225	+	750.78	659.97	751.56	
TON_1714	1579197	1579826	+	381.64	506.1	462.67	
TON_1715	1579867	1583280	-	4188.92	7823.45	9895.68	
TON_1716	1583391	1585349	+	315.76	542.16	2322.14	
TON_1717	1585419	1586336	-	20191.54	2963.25	2329.47	
TON_1718	1586378	1587832	-	54462.74	9013.56	3240.88	
TON_1719	1587989	1588534	+	1991.10	3433.28	2357.34	
TON_1720	1588554	1589696	+	654.23	1455.78	1077.12	
TON_1721	1589836	1590453	+	461.14	435.17	995.73	
TON_1722	1590516	1591829		7426.01	4138.93	7264.85	
TON_1723	1591834	1591953	-	35.21	68.52	33	
TON_1724	1591993	1592757		450.92	694.83	354.88	
TON_1725	1593026	1593280	+	19.31	18.03	8.07	
TON_1726	1593266	1594894	-	2445.43	1996.74	1266.29	
TON_1727	1595089	1595256	+	775.77	751.33	624.71	
TON_1728	1595281	1595577	+	1202.84	556.59	809.49	
TON_1729	1595636	1598365	+	8725.40	8908.97	14623.56	
TON_1730	1598383	1598772	+	193.09	378.67	641.58	
TON_1731	1598736	1599203	-	1618.55	812.64	1212.03	
TON_1732	1599285	1600040	-	960.91	760.95	1050.72	
TON_1733	1600173	1601951	+	2899.76	882.36	2649.16	
TON_1734	1602228	1602803	+	219.21	283.7	167.18	
TON_1735	1602825	1603352	+	1294.84	346.21	857.15	
TON_1736	1603384	1603905	+	3954.94	2564.14	4854.72	
TON_1737	1603938	1604447	+	3320.01	1108.36	2514.25	
TON_1738	1604546	1605454	-	241.93	343.81	310.16	
TON_1739	1605464	1606114	-	908.66	935.26	1067.58	
TON_1740	1606317	1607063	+	114.72	100.98	63.06	
TON_1741	1607084	1607692	+	204.45	181.52	107.78	
TON_1742	1607696	1608121	-	2145.57	1078.31	1753.89	
TON_1743	1608429	1609346	+	1804.82	2722.82	1605.04	
TON_1744	1609343	1610866	+	2053.57	5107.84	4118.56	
TON_1745	1610866	1611558	+	1573.12	5647.6	3067.1	
TON_1746	1611688	1611999	+	3682.34	3825.17	3878.06	
TON_1747	1612001	1613980	+	5453.09	17263.77	9641.99	
TON_1748	1613996	1614484	+	1017.70	8245.4	2691.69	
TON_1749	1614522	1615133	+	2420.44	9962.04	5859.98	
TON_1750	1615139	1616239	+	4302.50	22722.63	10788.03	
TON_1751	1616236	1616544	+	1092.66	7551.77	2457.79	
TON_1752	1616550	1618307	+	4369.51	32239.89	12217.83	
TON_1753	1618307	1619704	+	3093.98	21709.24	7767.11	
TON_1754	1619732	1620370	+	1585.61	11378.15	5347.45	
TON_1755	1620478	1621245	+	849.60	2246.78	875.48	
TON_1756	1621256	1622029	+	739.42	1346.38	863.01	
TON_1757	1622035	1623249		499.76	2126.57	743.5	
TON_1758	1623395	1624225	-	793.94	699.64	2114.64	
TON_1759	1624248	1624490	-	68.15	18.03	11.73	
TON_1760	1624670	1624885	-	21.58	7.21	16.13	
TON_1761	1625000	1625902	-	1733.27	888.37	1814.75	
TON_1762	1625951	1626652	-	435.02	282.5	688.5	
TON_1763	1626636	1627862	-	1246.00	573.42	1767.09	
TON_1764	1628221	1630653	+	24270.28	46990	24437.85	
TON_1765	1630854	1631897	+	3355.22	6442.21	1280.95	
TON_1766	1631909	1633369	+	1679.88	5173.96	2087.51	
TON_1767	1633380	1634339	+	2070.61	4275.97	2144.7	
TON_1768	1634350	1635357	+	1548.13	3653.27	1440.8	
TON_1769	1635391	1635867	+	1381.16	2988.49	1215.7	
TON_1770	1635864	1636625	+	2334.12	4434.65	2536.98	
TON_1771	1636635	1637504	+	149.93	473.64	140.05	
TON_1772	1637501	1638832	-	17052.12	4972	18446.62	
TON_1773	1639052	1639459	+	1339.14	1816.42	1104.25	
TON_1774	1639465	1639740	+	110.17	455.61	181.11	
TON_1775	1639782	1641389	+	2732.79	3126.74	2102.17	
TON_1776	1641743	1642594	-	138.57	449.6	450.2	
TON_1777	1642591	1643631	-	2184.19	2817.79	4292.33	
TON_1778	1643624	1644829	-	3907.23	3647.26	5670.07	
TON_1779	1645143	1645892	+	11117.44	18421.42	22418.53	
TON_1780	1646085	1647140	+	344.15	489.27	701.7	
TON_1781	1647122	1648249	+	17.04	57.7	22.73	
TON_1782	1648261	1648569	-	3145.10	3944.18	2283.28	
TON_1783	1648641	1649831	+	6399.23	6673.02	5943.57	
TON_1784	1649925	1650668	-	830.29	506.1	1398.27	
TON_1785	1650705	1651973	-	1579.93	1370.43	2100.71	
TON_1786	1651987	1652322	-	204.45	189.94	247.1	
TON_1787	1652362	1654239	-	354.38	360.64	221.44	
TON_1788	1654575	1655420	+	4057.16	1988.32	2917.53	
TON_1789	1655423	1656790	-	6260.66	7143.05	6541.15	
TON_1790	1656820	1657224	-	598.58	621.5	880.61	
TON_1791	1657257	1658384	-	415.71	2192.68	1607.24	
TON_1792	1658415	1662449	-	1964.97	10666.49	7344.04	
TON_1793	1662459	1663706	-	395.27	2042.42	1447.4	
TON_1794	1663706	1664605	-	187.41	543.36	536.73	
TON_1795	1664644	1665963	-	945.01	2948.82	2954.92	
TON_1796	1666089	1668047	-	2101.27	2540.1	3087.64	
TON_1797	1668118	1669140	+	2265.97	5748.58	5071.76	
TON_1798	1669180	1670532	+	947.28	3153.18	3965.31	
TON_1799	1670535	1670897	-	178.32	113	390.81	
TON_1800	1670980	1672062	+	1926.36	772.97	1820.61	
TON_1801	1672182	1672958	+	369.14	284.9	130.52	
TON_1802	1672996	1673178	+	460.01	241.63	317.49	
TON_1803	1673201	1676398	-	46053.10	20449.41	16624.54	
TON_1804	1676828	1677202	-	638.33	512.11	333.62	
TON_1805	1677265	1678095	-	320.30	266.87	347.55	
TON_1806	1678209	1678736	+	210.13	515.71	305.76	
TON_1807	1678741	1680612	+	1606.05	2411.47	2090.44	
TON_1808	1680637	1680858	+	46.57	179.12	91.65	
TON_1809	1680932	1681363	+	26830.42	12770.21	5241.13	
TON_1810	1681364	1681672	-	2234.16	1157.65	1051.45	
TON_1811	1681789	1683525	+	6995.54	1840.46	4524.03	
TON_1812	1683769	1685133	-	4757.96	2852.65	5498.5	
TON_1813	1685139	1685693	-	3338.19	2666.32	3042.91	
TON_1814	1685834	1688800	-	2570.37	3547.48	2574.37	
TON_1815	1688892	1689356	-	4656.88	2328.52	3164.62	
TON_1816	1689494	1692226	-	6093.69	19018.88	21267.36	
TON_1817	1692416	1692850	-	392.99	329.38	484.67	
TON_1818	1692847	1693653	-	3161.00	2095.31	3478.45	
TON_1819	1693755	1696085	+	987.03	2523.27	1244.29	
TON_1820	1696082	1698436	-	4581.91	8651.72	6255.19	
TON_1821	1698600	1699724		1130.14	954.49	1462.8	
TON_1822	1699714	1700832		3564.21	3447.7	4259.34	
TON_1823	1700832	1701923		621.30	3733.81	2009.05	
TON_1824	1703315	1709128		408.90	471.23	349.02	
TON_1825	1709207	1709929	+	1484.52	658.77	901.87	
TON_1826	1709932	1712184	+	1897.96	5004.46	1444.46	
TON_1827	1712287	1712883	-	135.16	234.42	170.11	
TON_1828	1712968	1713957	-	574.73	923.23	1051.45	
TON_1829	1714069	1714623	-	328.25	815.04	607.85	
TON_1830	1714620	1715903	-	1576.52	3963.42	2665.29	
TON_1831	1715900	1716820	-	648.56	2321.31	1412.94	
TON_1832	1716822	1717820	-	2531.75	2725.23	3177.82	
TON_1833	1717813	1719555	-	1008.61	1059.08	1322.75	
TON_1834	1719614	1720333	+	598.58	403.92	489.07	
TON_1835	1720324	1720563	+	104.50	44.48	105.59	
TON_1836	1720565	1721518	-	2103.55	2112.14	2208.49	
TON_1837	1721579	1722601	+	1298.25	1288.68	1286.82	
TON_1838	1722829	1723050	+	35.21	21.64	19.8	
TON_1839	1723160	1723423	+	15.90	12.02	11	
TON_1840	1723469	1723873	+	198.77	96.17	45.46	
TON_1841	1724638	1725282	+	2220.54	1976.3	1519.25	
TON_1842	1725405	1726463	+	2556.74	1924.61	1684.23	
TON_1843	1726473	1727474	+	2146.71	2116.95	1753.16	
TON_1844	1727520	1727807	+	922.29	1452.17	666.51	
TON_1845	1727765	1728106	+	406.62	833.08	398.14	
TON_1846	1728181	1728384	+	646.28	561.39	346.82	
TON_1847	1728384	1728782	+	498.63	750.13	415.74	
TON_1848	1728787	1729344	+	835.97	1628.88	1101.31	
TON_1849	1729408	1729596	+	842.78	1258.63	947.33	
TON_1850	1729584	1730054	+	388.45	782.59	618.11	
TON_1851	1730051	1730917	+	982.49	2544.91	2383.73	
TON_1852	1730948	1732372	+	445.24	3998.28	669.44	
TON_1853	1732764	1733333		442.97	1695	508.13	
TON_1854	1734419	1735939	-	595.17	4755.62	1386.54	
TON_1855	1735946	1737121	-	875.72	3255.36	2159.37	
TON_1856	1737726	1738394	-	249.88	1538.72	670.91	
TON_1857	1738401	1739576	-	524.75	3029.36	1630.71	
TON_1858	1739589	1740710	-	826.88	3594.36	2690.22	
TON_1859	1740707	1741186	-	922.29	1161.26	1426.13	
TON_1860	1741183	1741626	-	570.18	1505.06	906.27	
TON_1861	1741623	1742618	-	1378.89	2406.66	1522.92	
TON_1862	1742622	1743512	-	2031.99	1371.63	1099.11	
TON_1863	1744746	1745537	+	1774.16	955.69	1630.71	
TON_1864	1745530	1746321	+	1392.52	730.89	1077.12	
TON_1865	1746411	1746590	+	1659.44	1168.47	2644.03	
TON_1866	1746610	1746885	+	605.39	337.8	952.47	
TON_1867	1746996	1748003	+	649.69	587.84	601.98	
TON_1868	1747978	1748721	+	240.79	268.07	306.49	
TON_1869	1748735	1749760	-	16480.80	6307.57	19977.61	
TON_1870	1750066	1751910	+	13318.67	2435.51	1365.28	
TON_1871	1751939	1752652	+	1059.72	450.8	126.12	
TON_1872	1752785	1753915	+	1633.31	3944.18	11276.36	
TON_1873	1753918	1754964	+	93.14	194.74	378.35	
TON_1874	1754957	1755730	+	82.92	234.42	314.56	
TON_1875	1755727	1759485	+	1026.78	3117.12	5172.94	
TON_1876	1759461	1761383	+	785.99	1995.53	2777.48	
TON_1877	1761620	1763254	+	400.95	1174.48	789.69	
TON_1878	1763378	1764445	+	1261.90	1494.25	1488.46	
TON_1879	1764762	1765724	+	105.63	76.94	59.39	
TON_1880	1765781	1766572	+	36.35	48.09	33.73	
TON_1881	1766586	1767173	-	4066.25	1179.29	1797.15	
TON_1882	1767180	1769162	-	27294.98	3091.87	5510.23	
TON_1883	1769295	1769585	-	9898.70	3323.89	6901.17	
TON_1884	1770019	1771479		1784.38	923.23	1319.82	
TON_1885	1771558	1772958		3122.38	1265.84	1454.73	
TON_1886	1773009	1774196		111.31	42.07	27.86	
TON_1887	1774242	1775150		779.17	694.83	621.05	
TON_1888	1775228	1776538	+	2990.62	1535.12	2704.16	
TON_1889	1776525	1777358	+	1827.54	1487.03	1867.54	
TON_1890	1777491	1778498	+	294.18	170.7	211.9	
TON_1891	1778531	1779124	+	57.93	48.09	84.32	
TON_1892	1779399	1779569	-	49.98	52.89	67.46	
TON_1893	1779817	1780740	+	346.43	177.92	384.95	
TON_1894	1780751	1781317	+	115.85	61.31	101.19	
TON_1895	1781711	1782448	-	2540.84	7370.25	3288.54	
TON_1896	1782453	1785872	-	14234.14	38483.74	21448.47	
TON_1897	1785872	1788040	-	4561.47	13264.29	4910.45	
TON_1898	1788037	1789518	-	8279.02	11578.9	6418.7	
TON_1899	1789515	1789988	-	3003.12	2175.85	1734.82	
TON_1900	1789969	1790412	-	4246.84	1990.72	2028.85	
TON_1901	1790415	1791050	-	9001.40	6730.72	4083.36	
TON_1902	1791090	1791719	-	3480.16	4057.18	2656.5	
TON_1903	1791716	1792807	-	9283.09	9960.84	5661.28	
TON_1904	1792815	1795034	-	17132.76	13255.87	10372.28	
TON_1905	1795105	1796091	-	2572.64	1759.92	1440.8	
TON_1906	1796355	1796939	-	832.56	312.55	431.87	
TON_1907	1797197	1798477	+	765.55	274.09	1539.05	
TON_1908	1798778	1800058	+	59.06	86.55	78.46	
TON_1909	1800169	1800324	-	2183.05	2859.86	2535.51	
TON_1910	1800327	1800623	-	3843.63	4824.14	4887.72	
TON_1911	1800613	1801146	-	6185.70	6773.99	10683.91	
TON_1912	1801146	1801331	-	905.25	1348.79	1918.13	
TON_1913	1801328	1801894	-	2069.47	3428.47	4279.14	
TON_1914	1801934	1802470	-	817.79	858.32	1067.58	
TON_1915	1802582	1803034		3056.50	271.68	487.6	
TON_1916	1803162	1803278		23.85	16.83	22.73	
TON_1917	1803917	1804174		31.80	22.84	1.47	
TON_1918	1804922	1805980		567.91	429.16	294.03	
TON_1919	1806044	1807732		2087.64	2512.45	2475.39	
TON_1920	1807729	1808070	-	5087.35	1880.13	570.45	
TON_1921	1808140	1808790	-	2322.76	1293.49	2992.32	
TON_1922	1808834	1808947	-	1528.82	1637.3	2033.25	
TON_1923	1809305	1810099	+	3045.14	2799.76	1446.66	
TON_1924	1810351	1810728	+	3542.63	556.59	657.71	
TON_1925	1810744	1811532	-	397.54	501.29	451.67	
TON_1926	1811628	1812332	+	13105.13	329.38	140.78	
TON_1927	1812316	1812705	+	3100.80	217.59	76.26	
TON_1928	1812728	1813219	-	15.90	10.82	15.4	
TON_1929	1813243	1813443	-	18.17	48.09	31.53	
TON_1930	1813448	1814224	-	78.37	185.13	109.25	
TON_1931	1814212	1814580	-	228.30	406.32	255.9	
TON_1932	1814586	1815290	-	809.84	920.83	730.3	
TON_1933	1815296	1815625	-	1038.14	668.38	568.99	
TON_1934	1815744	1816778	+	2415.90	1418.51	2468.79	
TON_1935	1816775	1817386	+	392.99	239.22	338.02	
TON_1936	1817464	1818423	+	654.23	168.3	240.5	
TON_1937	1818543	1819340	+	736.01	2044.82	1247.23	
TON_1938	1819398	1820726	+	2354.56	1256.22	2741.55	
TON_1939	1820723	1821805	-	3776.61	4102.86	4021.77	
TON_1940	1821808	1822446	-	743.96	778.98	885.01	
TON_1941	1823067	1823729	-	897.30	561.39	953.2	
TON_1942	1823751	1824521	-	1720.77	772.97	1289.02	
TON_1943	1824624	1825034	-	709.89	526.53	1005.99	
TON_1944	1825063	1826295	-	28481.91	32330.05	16215.4	
TON_1945	1826415	1826792	-	22619.93	7530.13	37928.57	
TON_1946	1826937	1827107		288.50	474.84	327.75	
TON_1947	1827104	1827766		4048.08	4027.13	5255.07	
TON_1948	1827860	1828471		1040.41	246.44	805.82	
TON_1949	1829046	1830113		1222.15	998.97	1090.31	
TON_1950	1830158	1830988		4953.33	6177.74	1371.88	
TON_1951	1831002	1831382		16797.69	14465.21	4974.97	
TON_1952	1831427	1832233	-	4602.36	6026.27	5634.15	
TON_1953	1832230	1832607	-	6124.36	7209.17	9424.22	
TON_1954	1832608	1833672	-	21262.62	17915.32	25745.2	
TON_1955	1833797	1834384	-	967.72	1383.65	1368.94	
TON_1956	1835746	1836180	+	1475.43	2008.76	1394.61	
TON_1957	1836231	1837565	-	111.31	171.9	52.06	
TON_1958	1837698	1838702	-	458.87	479.65	199.44	
TON_1959	1838696	1840315	-	162.42	164.69	70.39	
TON_1960	1840400	1841452	+	1228.96	1020.61	937.8	
TON_1961	1841442	1842287	-	5439.46	14441.17	11689.17	
TON_1962	1842330	1843391	-	3284.80	7024.04	23026.38	
TON_1963	1843369	1844502	-	5060.09	6766.78	20203.44	
TON_1964	1844495	1844797	-	790.53	1488.24	3238.68	
TON_1965	1844891	1845508	+	571.32	476.04	3985.84	
TON_1966	1845509	1846861	-	2093.32	1162.46	2656.5	
TON_1967	1846966	1847520	+	386.18	473.64	480.27	
TON_1968	17841	18380	+	739.42	1464.19	854.95	
TON_1969	66046	66423	+	9274.00	13046.7	14342	
TON_1970	432720	433067	+	645.15	974.93	497.13	
TON_1971	462955	463527	-	940.46	1398.08	1605.04	
TON_1972	632410	633228	+	139.71	182.72	211.9	
TON_1973	1174861	1175694	-	5419.01	4286.79	4757.2	
TON_1974	1187582	1188121	+	505.44	213.98	228.03	
TON_1975	1733339	1733761	+	1021.11	2381.42	808.75	
TON_1976	1828418	1828882	-	579.27	896.79	1102.05	