"ID"	"name"	"HL1"	"percentage"	"idk"
Msm0589	ferrous	96599	0.035805	35.917401
Msm0051	adhesin-like	77535	0.028739	35.925143
Msm0234	ammonium	70758	0.026227	35.911219
Msm1418	glutamine	65253	0.024187	35.921965
Msm0293	cation	63076	0.02338	35.92081
Msm1015	methyl-coenzyme	62588	0.023199	35.917141
Msm1019	methyl-coenzyme	57458	0.021297	35.916722
Msm0572	H(2)-dependent	55334	0.02051	35.917302
Msm1336	heterodisulfide	42807	0.015867	35.919523
Msm1016	methyl-coenzyme	35375	0.013112	35.903717
Msm0786	transglutaminase-like	30875	0.011444	35.927126
Msm1017	methyl-coenzyme	29218	0.01083	35.888083
Msm0233	nitrogen	25454	0.0094348	35.896244
Msm0898	elongation	21646	0.0080233	35.910561
Msm0542	methylenetetrahydromethanopterin	21143	0.0078369	35.905548
Msm0844	histone 	19415	0.0071964	35.813598
Msm1489	formylmethanofuran	17965.9	0.0066592	35.926305
Msm0219	putative	17644	0.0065399	35.932668
Msm0622	50S	16266	0.0060292	35.901143
Msm0294	hypothetical	15522	0.0057534	35.877335
Msm0621	acidic	15512	0.0057497	35.90878
Msm0908	DNA-directed	13961	0.0051748	35.883175
Msm0435	V-type	13804	0.0051166	35.88938
Msm1562	acetyl-CoA	13773	0.0051051	35.907863
Msm0440	V-type	13624	0.0050499	35.923517
Msm1018	methyl-coenzyme	12181	0.004515	35.891306
Msm1109	molecular	11741	0.0043519	35.912869
Msm0899	elongation	11498	0.0042619	35.921726
Msm1012	tetrahydromethanopterin	11454	0.0042455	35.900559
Msm0434	V-type	11452	0.0042448	35.900017
Msm1014	tetrahydromethanopterin	11328	0.0041988	35.889389
Msm1349	F420H2-oxidase/flavoprotein 	11012	0.0040817	35.909372
Msm0961	heavy-metal	10973	0.0040673	35.773262
Msm1007	tetrahydromethanopterin	10870	0.0040291	35.874425
Msm0999	methyl	10729	0.0039768	35.911269
Msm1204	F420-dependent	10725	0.0039753	35.902098
Msm1013	tetrahydromethanopterin	10644	0.0039453	35.893649
Msm0213	histone 	10479	0.0038841	35.742914
Msm0079	CofH	10308	0.0038208	35.919965
Msm0202	translation	10275	0.0038085	35.919124
Msm0716	oligosaccharyl	9762	0.0036184	35.916206
Msm1010	tetrahydromethanopterin	9758	0.0036169	35.911355
Msm0826	chaperonin 	9460	0.0035064	35.913425
Msm0149	predicted	9414	0.0034894	35.900892
Msm1124	coenzyme	9283	0.0034408	35.891414
Msm0021	short	9061	0.0033586	35.887319
Msm1561	hypothetical	8744	0.0032411	35.912397
Msm0368	glutamate	8721	0.0032325	35.911134
Msm0856	antimicrobial	8384	0.0031076	35.923664
Msm0774	multidrug	8339	0.0030909	35.916897
Msm0148	predicted	8300	0.0030765	35.91506
Msm1054	IMP	8284	0.0030706	35.926847
Msm1348	rubrerythrin	8181	0.0030324	35.90808
Msm0909	DNA-directed	8081	0.0029953	35.914243
Msm1469	nitrate/sulfonate/bicarbonate	8030	0.0029764	35.894147
Msm1471	acyl-CoA	7791	0.0028878	35.926069
Msm1000	methyl	7786	0.002886	35.915618
Msm0939	pyruvate	7743	0.00287	35.908692
Msm1282	putative	7191	0.0026654	35.912947
Msm1404	formate	7173	0.0026587	35.925833
Msm1428	DNA-directed	7168	0.0026569	35.918527
Msm1152	hypothetical	6868	0.0025457	35.926907
Msm0971	methyl-coenzyme	6541	0.0024245	35.914998
Msm1569	ATP-dependent	6361	0.0023578	35.913221
Msm1733	rubrerythrin	6340	0.00235	35.917823
Msm0738	preprotein	6257	0.0023192	35.924085
Msm0300	peptide/nickel	6175	0.0022888	35.918057
Msm0906	transcription	6159	0.0022829	35.907128
Msm1213	bifunctional	6152	0.0022803	35.912061
Msm1332	replication	6089	0.002257	35.923633
Msm1417	hypothetical	5984	0.002218	35.91494
Msm0988	phosphoenolpyruvate	5966	0.0022114	35.91351
Msm1413	tungsten	5912	0.0021913	35.901725
Msm0763	hypothetical	5880	0.0021795	35.929422
Msm0957	adhesin-like	5870	0.0021758	35.932368
Msm0642	cell	5774	0.0021402	35.904053
Msm1446	hydroxylamine	5744	0.0021291	35.905641
Msm0719	phosphoserine	5731	0.0021243	35.919037
Msm1716	adhesin-like	5615	0.0020813	35.9252
Msm1715	magnesium	5595	0.0020738	35.932618
Msm0870	molecular	5463	0.0020249	35.902801
Msm0773	multidrug	5427	0.0020116	35.910079
Msm1011	tetrahydromethanopterin	5302	0.0019652	35.914749
Msm0515	methanol:cobalamin	5296	0.001963	35.906722
Msm1712	predicted	5291	0.0019612	35.93574
Msm0080	sulfopyruvate	5253	0.0019471	35.905578
Msm1092	tetrahydromethanopterin	5148	0.0019082	35.901904
Msm1398	adhesin-like	5141	0.0019056	35.926279
Msm1153	cation	5085	0.0018848	35.907768
Msm0354	proteasome-activating	4958	0.0018377	35.922953
Msm0998	polyferredoxin 	4890	0.0018125	35.921881
Msm1123	coenzyme	4866	0.0018036	35.898479
Msm1008	tetrahydromethanopterin	4832	0.001791	35.875
Msm1468	adenylosuccinate	4827	0.0017892	35.915061
Msm1053	IMP	4820	0.0017866	35.927593
Msm1306	adhesin-like	4784.7	0.0017735	35.927666
Msm1122	coenzyme	4733	0.0017543	35.923938
Msm1371	diaminopimelate	4732	0.001754	35.894125
Msm0082	heterodisulfide	4641	0.0017202	35.915535
Msm0437	V-type	4625	0.0017143	35.916757
Msm0762	50S	4608	0.001708	35.913411
Msm1533	adhesin-like	4589	0.001701	35.91022
Msm1412	tungsten	4519	0.001675	35.918787
Msm1383	anaerobic	4370	0.0016198	35.910069
Msm1405	formate	4349	0.001612	35.903886
Msm0057	adhesin-like	4321	0.0016016	35.926869
Msm0624	transcription	4308	0.0015968	35.912488
Msm0849	molybdenum	4220	0.0015642	35.933175
Msm0188	rubredoxin	4198	0.001556	35.715102
Msm1403	formate/nitrite	4180	0.0015494	35.915072
Msm0451	hypothetical	4157	0.0015408	35.921338
Msm0506	5-aminoimidazole-4-carboxamide-1-beta-D-ribofuranosyl	4145	0.0015364	35.908806
Msm1117	cobalamin	4142	0.0015353	35.922743
Msm0623	50S	4058	0.0015041	35.864958
Msm1172	leucyl-tRNA	4043	0.0014986	35.943854
Msm0615	fructose	4041	0.0014978	35.924771
Msm0993	putative	4019	0.0014897	35.886788
Msm0081	sulfopyruvate	4002	0.0014834	35.912544
Msm0152	Na+-driven	3979	0.0014749	35.916813
Msm0457	D-3-phosphoglycerate	3948	0.0014634	35.902482
Msm0756	30S	3931	0.0014571	35.887815
Msm0560	pyruvate	3931	0.0014571	35.924192
Msm0559	pyruvate:ferredoxin	3921	0.0014534	35.912777
Msm1121	coenzyme	3897	0.0014445	35.914293
Msm1341	isoleucyl-tRNA	3879	0.0014378	35.918536
Msm0439	vacuolar-type	3847	0.0014259	35.893164
Msm0025	acyl-CoA	3844	0.0014248	35.921956
Msm0759	50S	3823	0.001417	35.894585
Msm1430	ribosomal	3787	0.0014037	35.919197
Msm1426	30S	3776	0.0013996	35.89857
Msm1342	phosphoribosylformylglycinamidine	3766	0.0013959	35.899363
Msm0200	translation	3698	0.0013707	35.895078
Msm0134	M42	3687	0.0013666	35.916192
Msm1421	hypothetical	3661	0.001357	35.922426
Msm0583	cobalt	3651	0.0013533	35.908244
Msm1001	methyl	3619	0.0013414	35.890301
Msm0807	polar	3591	0.001331	35.905876
Msm0704	translation	3590	0.0013307	35.916713
Msm0055	3-dehydroquinate	3588	0.0013299	35.908584
Msm1551	glucosamine--fructose-6-phosphate	3558	0.0013188	35.903598
Msm0147	CTP	3544	0.0013136	35.91281
Msm0117	hypothetical	3539	0.0013118	35.919469
Msm1409	tungsten	3492	0.0012943	35.92354
Msm0677	aspartate	3466	0.0012847	35.908829
Msm1454	predicted	3450	0.0012788	35.921449
Msm0056	fructose-bisphosphate	3437	0.001274	35.895839
Msm0796	heterodisulfide	3378	0.0012521	35.892836
Msm0620	50S	3370	0.0012491	35.890208
Msm1223	carbonic	3358	0.0012447	35.902918
Msm0907	50S	3353	0.0012428	35.882493
Msm0783	tungsten	3287	0.0012184	35.912991
Msm1280	sirohydrochlorin	3284	0.0012172	35.898904
Msm0910	DNA-directed	3278	0.001215	35.919463
Msm0955	DNA	3263	0.0012095	35.905608
Msm1002	ABC	3252	0.0012054	35.925277
Msm0424	transcription	3237	0.0011998	35.93667
Msm0857	antimicrobial	3217	0.0011924	35.905502
Msm0499	hypothetical	3186	0.0011809	35.91494
Msm1246	2-isopropylmalate	3182	0.0011794	35.930861
Msm1736	permease 	3159	0.0011709	35.911364
Msm0488	carbamoylphosphate	3137	0.0011628	35.905005
Msm0517	methyltransferase	3109	0.0011524	35.929238
Msm1037	proteasome 	3099	0.0011487	35.913843
Msm0245	proteasome	3092	0.0011461	35.8826
Msm1723	N(5) N(10)-methenyltetrahydromethanopterin	3084	0.0011431	35.916991
Msm0078	dolichol	3052	0.0011313	35.872543
Msm0027	glutamate	3044	0.0011283	35.920171
Msm0757	50S	3034	0.0011246	35.912657
Msm1629	IMP	3031	0.0011235	35.900693
Msm0758	30S	3026	0.0011216	35.884666
Msm1701	predicted	3015	0.0011175	35.916418
Msm1340	S-adenosylmethionine	3000	0.001112	35.908
Msm0960	cation	2999	0.0011116	35.913638
Msm0792	predicted	2986	0.0011068	35.920295
Msm0956	DNA	2982	0.0011053	35.911133
Msm0765	pyruvate	2971	0.0011012	35.920229
Msm0438	vacuolar-type	2958	0.0010964	35.905003
Msm0222	flavoprotein	2939	0.0010894	35.902688
Msm0031	adhesin-like	2922	0.0010831	35.913415
Msm0518	methylcobalamin:coenzyme	2903	0.001076	35.902515
Msm0206	50S	2892	0.0010719	35.885892
Msm0255	putative	2812	0.0010423	35.91394
Msm0888	glutamate	2806	0.0010401	35.903778
Msm0429	biotin	2795	0.001036	35.881932
Msm0742	50S	2791	0.0010345	35.902544
Msm0369	glutamate	2790	0.0010341	35.869176
Msm1110	molecular	2790	0.0010341	35.905735
Msm0626	cell	2778	0.0010297	35.921886
Msm1425	30S	2777	0.0010293	35.915016
Msm1333	DNA	2751	0.0010197	35.910214
Msm0333	2-oxoisovalerate	2751	0.0010197	35.922937
Msm0795	heterodisulfide	2730	0.0010119	35.895971
Msm1414	tungsten	2701	0.0010012	35.901888
Msm0838	putative	2663	0.00098707	35.84754
Msm0275	valyl-tRNA	2654	0.00098373	35.909194
Msm1427	30S	2653	0.00098336	35.868451
Msm0848	predicted	2645	0.0009804	35.90397
Msm1009	tetrahydromethanopterin	2631	0.00097521	35.881034
Msm0335	glutamyl-tRNA(Gln)	2571	0.00095297	35.911319
Msm1119	hypothetical	2565	0.00095074	35.883431
Msm0785	phosphopantetheine	2536	0.00093999	35.909306
Msm1730	hypothetical	2528	0.00093703	35.918513
Msm0711	ribonuclease	2527	0.00093665	35.890397
Msm1202	branched-chain-amino-acid	2495	0.0009248	35.901002
Msm1040	malate/L-lactate	2489	0.00092257	35.925673
Msm0357	hypothetical	2486	0.00092146	35.924779
Msm1242	tryptophan	2482	0.00091998	35.914988
Msm1222	ketol-acid	2475	0.00091738	35.912727
Msm1694	predicted	2458	0.00091108	35.931245
Msm0980	rod	2458	0.00091108	35.914565
Msm1367	peptidyl-prolyl	2450	0.00090812	35.912653
Msm1300	3-isopropylmalate	2437	0.0009033	35.907263
Msm1003	ABC	2432	0.00090145	35.85773
Msm1372	diaminopimelate	2430	0.0009007	35.922634
Msm0741	30S	2413	0.0008944	35.917944
Msm0911	DNA-directed	2411	0.00089366	35.924513
Msm0262	desulfoferrodoxin	2399	0.00088921	35.884535
Msm0260	archaea-specific	2398	0.00088884	35.926188
Msm1399	adhesin-like	2396	0.0008881	35.921536
Msm0717	DNA	2385	0.00088402	35.909434
Msm0943	hypothetical	2385	0.00088402	35.925367
Msm1581	excinuclease	2380	0.00088217	35.905882
Msm0784	ferredoxin	2378	0.00088143	35.896972
Msm1429	50S	2371	0.00087884	35.909321
Msm0745	50S	2360	0.00087476	35.912712
Msm0154	homoserine	2334	0.00086512	35.918166
Msm0669	hypothetical	2333	0.00086475	35.905701
Msm0334	glutamyl-tRNA(Gln)	2302	0.00085326	35.903997
Msm0516	corrinoid	2301	0.00085289	35.932203
Msm0832	aspartate	2298	0.00085178	35.924282
Msm0619	alanyl-tRNA	2298	0.00085178	35.909487
Msm0153	cofactor-independent	2297	0.00085141	35.913801
Msm0793	hypothetical	2297	0.00085141	35.902917
Msm0571	hypothetical	2295	0.00085067	35.914161
Msm1499	predicted	2290	0.00084881	35.89214
Msm0221	adhesin-like	2284	0.00084659	35.901051
Msm1411	tungsten	2280	0.00084511	35.885526
Msm0592	hypothetical	2267	0.00084029	35.91663
Msm0484	inosine-5'-monophosphate	2258	0.00083695	35.918955
Msm0203	nucleoside	2239	0.00082991	35.874944
Msm0071	methionyl-tRNA	2217	0.00082175	35.912945
Msm1259	predicted	2216	0.00082138	35.929603
Msm0829	aspartate-semialdehyde	2209	0.00081879	35.915799
Msm0370	glutamate	2203	0.00081656	35.92601
Msm1195	xanthosine	2196	0.00081397	35.922131
Msm1151	adenylosuccinate	2191	0.00081212	35.90963
Msm0427	DNA	2180	0.00080804	35.909174
Msm0766	biotin-[acetyl-CoA-carboxylase]	2175	0.00080619	35.914943
Msm1384	DNA	2174	0.00080582	35.913983
Msm0881	porphobilinogen	2174	0.00080582	35.915823
Msm0940	myo-inositol-1-phosphate	2172	0.00080507	35.916206
Msm0750	ribosomal	2168	0.00080359	35.873155
Msm1380	NADP-dependent	2163	0.00080174	35.88442
Msm0175	homoserine	2159	0.00080026	35.923113
Msm1492	hydrogenase	2156	0.00079914	35.871521
Msm0707	predicted	2149	0.00079655	35.912052
Msm0843	2-deoxyribose-5-phosphate	2130	0.00078951	35.921127
Msm1604	UDP-glucose	2129	0.00078914	35.892438
Msm0436	V-type	2127	0.00078839	35.835449
Msm0485	universal	2122	0.00078654	35.921772
Msm1225	acetolactate	2117	0.00078469	35.932924
Msm0085	putative	2109	0.00078172	35.903272
Msm1237	dihydroxy-acid	2103	0.0007795	35.912981
Msm0045	nucleotide-binding	2098	0.00077765	35.857483
Msm0831	dihydrodipicolinate	2096	0.0007769	35.917939
Msm0743	50S	2093	0.00077579	35.904921
Msm1192	hypothetical	2089	0.00077431	35.902346
Msm0220	chaperonin	2088	0.00077394	35.917625
Msm0187	rubredoxin	2072	0.00076801	35.562259
Msm0986	conjugated	2058	0.00076282	35.891156
Msm1125	predicted	2051	0.00076022	35.898098
Msm1557	queuine/archaeosine	2051	0.00076022	35.899561
Msm0350	2-isopropylmalate	2042	0.00075689	35.905975
Msm0761	50S	2035	0.00075429	35.912531
Msm0330	acetyl-CoA	2022	0.00074948	35.930267
Msm1193	single-stranded	2017	0.00074762	35.733763
Msm0292	predicted	2014	0.00074651	35.884806
Msm0120	purine	2010	0.00074503	35.918408
Msm0810	activator	2006	0.00074354	35.903789
Msm0171	hypothetical	1999	0.00074095	35.91946
Msm0397	xanthine/uracil	1991	0.00073798	35.924661
Msm0371	predicted	1973	0.00073131	35.873289
Msm1343	molybdenum	1967	0.00072909	35.916624
Msm0561	formate	1965	0.00072835	35.871247
Msm1431	30S	1952	0.00072353	35.86168
Msm1305	adhesin-like	1947.2	0.00072175	35.938886
Msm1534	adhesin-like	1944	0.00072056	35.930556
Msm0049	F420-dependent	1935	0.00071723	35.909561
Msm1038	predicted	1896	0.00070277	35.918249
Msm0244	predicted	1886	0.00069907	35.900318
Msm0205	30S	1881	0.00069721	35.874535
Msm1696	hypothetical	1875	0.00069499	35.922133
Msm1236	aspartyl-tRNA	1874	0.00069462	35.922092
Msm0661	30S	1872	0.00069388	35.889423
Msm1422	LemA	1868	0.00069239	35.924518
Msm1004	photosynthetic	1868	0.00069239	35.908994
Msm0218	iron	1851	0.00068609	35.797947
Msm1576	hypothetical	1849	0.00068535	35.92212
Msm0241	exosome	1838	0.00068127	35.925462
Msm0441	vacuolar-type	1830	0.00067831	35.872678
Msm0808	nitrogenase	1828	0.00067757	35.90919
Msm0568	phosphate	1813	0.00067201	35.896856
Msm0198	inorganic	1798	0.00066645	35.883204
Msm1298	3-isopropylmalate	1794	0.00066496	35.908027
Msm0751	50S	1793	0.00066459	35.881762
Msm1702	UDP-glucose	1765	0.00065422	35.915014
Msm1084	argininosuccinate	1761	0.00065273	35.884157
Msm1442	predicted	1758	0.00065162	35.903299
Msm0242	exosome	1757	0.00065125	35.886739
Msm0740	50S	1733	0.00064235	35.924409
Msm0720	transcription	1720	0.00063754	35.886047
Msm1388	thiamine	1712	0.00063457	35.917056
Msm0791	2-phosphoglycerate	1711	0.00063419	35.88077
Msm0959	hypothetical	1709	0.00063346	35.918666
Msm0981	hypothetical	1699	0.00062975	35.911124
Msm0588	ferrous	1690	0.00062642	35.791716
Msm0083	heterodisulfide	1679	0.00062234	35.931507
Msm0895	cation	1675	0.00062086	35.924179
Msm0392	indolepyruvate	1652	0.00061233	35.912228
Msm0173	adhesin-like	1628	0.00060344	35.924447
Msm0772	predicted	1628	0.00060344	35.904791
Msm0706	ribosomal	1627	0.00060306	35.839582
Msm0962	glyceraldehyde-3-phosphate	1622	0.00060121	35.903206
Msm0332	2-ketoisovalerate	1620	0.00060047	35.89321
Msm0749	30S	1601	0.00059343	35.86321
Msm1137	DNA	1599	0.00059269	35.903064
Msm0656	phosphomannomutase 	1593	0.00059046	35.908349
Msm1174	heat	1584	0.00058713	35.90404
Msm0243	exosome	1582	0.00058638	35.934893
Msm0882	3-chlorobenzoate-3 4-dioxygenase	1580	0.00058564	35.892405
Msm0177	hypothetical	1578	0.0005849	35.920152
Msm0277	phenylalanyl-tRNA	1578	0.0005849	35.932826
Msm1030	predicted	1577	0.00058453	35.914394
Msm0298	50S	1576	0.00058416	35.891497
Msm0433	V-type	1570	0.00058194	35.920382
Msm1279	predicted	1564	0.00057971	35.909207
Msm1086	hypothetical	1564	0.00057971	35.901535
Msm0510	predicted	1561	0.0005786	35.900705
Msm0053	tRNA	1541	0.00057119	35.920182
Msm1107	predicted	1523	0.00056452	35.913986
Msm0734	cytidylate	1516	0.00056192	35.867414
Msm0666	hypothetical	1508	0.00055896	35.914456
Msm0286	glycerol	1496	0.00055451	35.897059
Msm0026	predicted	1495	0.00055414	35.872241
Msm0227	hydroxymethylglutaryl-CoA	1491	0.00055265	35.901408
Msm1113	adhesin-like	1490	0.00055228	35.920805
Msm0358	hypothetical	1486	0.0005508	35.854643
Msm0075	DNA	1479	0.00054821	35.905341
Msm0557	pyruvate:ferredoxin	1468	0.00054413	35.745913
Msm1353	putative	1468	0.00054413	35.922343
Msm0927	2-oxoglutarate	1468	0.00054413	35.921662
Msm0603	predicted	1465	0.00054302	35.6157
Msm0779	predicted	1457	0.00054005	35.892244
Msm0709	30S	1447	0.00053635	35.908086
Msm0771	cobalt	1446	0.00053597	35.946058
Msm0634	predicted	1445	0.0005356	35.856055
Msm0128	hypothetical	1445	0.0005356	35.901038
Msm0748	50S	1435	0.0005319	35.896864
Msm1550	uroporphyrin-III	1431	0.00053041	35.902865
Msm1214	threonyl-tRNA	1430	0.00053004	35.942657
Msm0708	hypothetical	1430	0.00053004	35.9
Msm0584	cobalt	1429	0.00052967	35.906928
Msm1033	hypothetical	1426	0.00052856	35.878682
Msm1435	enolase	1415	0.00052448	35.90106
Msm0872	glucosamine:fructose-6-phosphate	1412	0.00052337	35.869688
Msm0776	hypothetical	1407	0.00052152	35.911158
Msm1106	hydrogenase	1407	0.00052152	35.905473
Msm0136	putative	1398	0.00051818	35.939199
Msm1286	3-octaprenyl-4-hydroxybenzoate	1398	0.00051818	35.930615
Msm0830	dihydrodipicolinate	1393	0.00051633	35.89878
Msm0752	30S	1389	0.00051485	35.887689
Msm1455	L L-diaminopimelate	1381	0.00051188	35.883418
Msm1142	tryptophan	1378	0.00051077	35.911466
Msm0890	hypothetical	1370	0.0005078	35.945985
Msm0407	P-loop	1367	0.00050669	35.907096
Msm1487	hypothetical	1364	0.00050558	35.908358
Msm0727	S-adenosyl-L-homocysteine	1363	0.00050521	35.905356
Msm1170	arsenite-transporting	1363	0.00050521	35.918562
Msm1083	hypothetical	1347	0.00049928	35.886414
Msm0360	cell	1346	0.00049891	35.918276
Msm0739	50S	1342	0.00049743	35.889717
Msm0813	hypothetical	1342	0.00049743	35.933681
Msm1587	adhesin-like	1338	0.00049594	35.918535
Msm1297	glycosyltransferase 	1335	0.00049483	35.907865
Msm1628	hypothetical	1333	0.00049409	35.857464
Msm0767	selenocysteine	1331	0.00049335	35.904583
Msm1337	serine	1323	0.00049038	35.904006
Msm1549	phosphoribosylformylglycinamidine	1316	0.00048779	35.909574
Msm0645	ATP-dependent	1309	0.00048519	35.915966
Msm0737	adenylate	1304	0.00048334	35.891104
Msm1735	adhesin-like	1302	0.0004826	35.907834
Msm1714	coenzyme	1296	0.00048038	35.89429
Msm0270	serine	1296	0.00048038	35.901235
Msm0310	polyferredoxin 	1295	0.00048001	35.925869
Msm0386	sodium/proline	1295	0.00048001	35.912741
Msm0077	thymidylate	1295	0.00048001	35.899614
Msm1071	hydrogenase	1294	0.00047963	35.933539
Msm1139	cell	1294	0.00047963	35.913447
Msm1389	sugar	1292	0.00047889	35.906347
Msm1207	molybdate	1289	0.00047778	35.814585
Msm0900	30S	1283	0.00047556	35.90491
Msm0546	hypothetical	1282	0.00047519	35.917317
Msm0387	coenzyme	1278	0.0004737	35.898279
Msm0839	ATP-dependent	1272	0.00047148	35.90173
Msm1187	ERCC4-like	1266	0.00046926	35.901264
Msm0657	cofactor-independent	1263	0.00046814	35.895487
Msm1161	hypothetical	1262	0.00046777	35.843899
Msm0197	DNA-directed	1260	0.00046703	35.92381
Msm0770	cobalt	1259	0.00046666	35.925338
Msm0201	30S	1249	0.00046295	35.905524
Msm0655	glucose-1-phosphate	1240	0.00045962	35.907258
Msm0744	50S	1235	0.00045777	35.936842
Msm0944	CMP-N-acetylneuraminic	1230	0.00045591	35.9
Msm0105	hypothetical	1227	0.0004548	35.898941
Msm0901	30S	1225	0.00045406	35.90449
Msm0306	polyferredoxin 	1223	0.00045332	35.879804
Msm1231	arginyl-tRNA	1220	0.00045221	35.913934
Msm1133	translation	1216	0.00045072	35.914474
Msm1149	hypothetical	1216	0.00045072	35.928454
Msm0480	YcaO-like	1212	0.00044924	35.909241
Msm1724	hypothetical	1204	0.00044628	35.917774
Msm1273	cobalt	1204	0.00044628	35.887874
Msm1254	cobyrinic	1199	0.00044442	35.925771
Msm1493	hypothetical	1199	0.00044442	35.905755
Msm1437	30S	1198	0.00044405	35.902337
Msm1096	Trk-type	1196	0.00044331	35.91388
Msm0644	thiamine	1192	0.00044183	35.901846
Msm1397	adhesin-like	1192	0.00044183	35.932047
Msm1474	chorismate	1185	0.00043923	35.886076
Msm0653	histidinol-phosphate	1185	0.00043923	35.913924
Msm1302	hypothetical	1182	0.00043812	35.917936
Msm0378	SAM-dependent	1179	0.00043701	35.89313
Msm0723	3-isopropylmalate	1178	0.00043664	35.926995
Msm0973	GTP	1176	0.0004359	35.877551
Msm1177	replication	1174	0.00043516	35.908859
Msm0833	30S	1174	0.00043516	35.899489
Msm1238	histidinol	1173	0.00043478	35.904518
Msm0875	lysine-oxoglutarate	1173	0.00043478	35.886616
Msm0683	hypothetical	1170	0.00043367	35.882051
Msm0978	biopolymer	1169	0.0004333	35.896493
Msm0393	succinate	1168	0.00043293	35.914384
Msm0746	30S	1160	0.00042997	35.906897
Msm0121	DNA	1158	0.00042922	35.920553
Msm0736	hypothetical	1157	0.00042885	35.927398
Msm1478	phenylalanyl-tRNA	1150	0.00042626	35.905217
Msm0525	predicted	1149	0.00042589	35.924282
Msm1360	signal	1145	0.00042441	35.904803
Msm0862	aspartate	1144	0.00042404	35.898601
Msm1063	energy-converting	1135	0.0004207	35.931278
Msm1256	3 4-dihydroxy-2-butanone	1132	0.00041959	35.886042
Msm0639	putative	1131	0.00041922	35.8771
Msm0853	UDP-N-acetylglucosamine	1130	0.00041885	35.914159
Msm0760	ribosomal	1128	0.0004181	35.829787
Msm0654	carbonic	1128	0.0004181	35.930851
Msm0381	hypothetical	1125	0.00041699	35.934222
Msm0345	GMP	1117	0.00041403	35.914056
Msm1062	energy-converting	1115	0.00041329	35.885202
Msm0780	hypothetical	1114	0.00041292	35.923698
Msm0861	flavodoxin	1114	0.00041292	35.914722
Msm0806	polar	1108	0.00041069	35.93231
Msm0710	RNA-binding	1092	0.00040477	35.887332
Msm0977	putative	1090	0.00040402	35.909174
Msm1101	aspartyl/glutamyl-tRNA	1088	0.00040328	35.898897
Msm0885	adhesin-like	1087.8	0.00040321	35.947601
Msm1368	N-acetylornithine	1081	0.00040068	35.904718
Msm0918	phosphoglycerate	1080	0.00040031	35.931481
Msm0924	succinyl-CoA	1078	0.00039957	35.915584
Msm0192	argininosuccinate	1078	0.00039957	35.903525
Msm1026	hemolysin-related	1075	0.00039846	35.917209
Msm0002	integrase-recombinase	1073	0.00039772	35.908667
Msm0414	Na+-driven	1073	0.00039772	35.914259
Msm0926	2-oxoglutarate	1073	0.00039772	35.896552
Msm1227	phosphoribosylamine-glycine	1071	0.00039698	35.870215
Msm0228	succinyl-CoA	1071	0.00039698	35.888889
Msm0382	hypothetical	1062	0.00039364	35.902072
Msm0897	30S	1061	0.00039327	35.916117
Msm0155	predicted	1061	0.00039327	35.926484
Msm1586	adhesin-like	1060	0.0003929	35.882075
Msm0273	3-phosphoshikimate	1058	0.00039216	35.929112
Msm0976	IMP	1056	0.00039142	35.923295
Msm1201	undecaprenyl-diphosphatase 	1037	0.00038437	35.946962
Msm0965	3-hydroxybutyryl-CoA	1034	0.00038326	35.940039
Msm0403	glycyl-tRNA	1021	0.00037844	35.893242
Msm0753	ribonuclease	1020	0.00037807	35.890196
Msm0287	prolyl-tRNA	1017	0.00037696	35.92527
Msm1183	ATPase 	1016	0.00037659	35.933071
Msm0610	aspartate	1015	0.00037622	35.930049
Msm0182	small	1014	0.00037585	35.902367
Msm0195	hypothetical	1012	0.00037511	35.863636
Msm0722	trans-homoaconitate	1009	0.000374	35.931615
Msm0189	acetyl/acyl	1004	0.00037214	35.786853
Msm1253	aspartyl/glutamyl-tRNA	1003	0.00037177	35.930209
Msm0821	orotate	1002	0.0003714	35.918164
Msm0860	N-acetyl-gamma-glutamyl-phosphate	1002	0.0003714	35.88024
Msm0700	putative	999	0.00037029	35.915916
Msm1698	methyl	998	0.00036992	35.900802
Msm0086	(2R)-phospho-3-sulfolactate	997	0.00036955	35.911735
Msm0168	conserved	996	0.00036918	35.907631
Msm0461	adhesin-like	991.2	0.00036741	35.935434
Msm1439	mevalonate	991	0.00036732	35.90111
Msm0991	nitrate/sulfonate/bicarbonate	990	0.00036695	35.917172
Msm1488	cobalt	988	0.00036621	35.939271
Msm1118	hypothetical	988	0.00036621	35.911943
Msm0866	Zn	982	0.00036399	35.884929
Msm1408	tungsten	981	0.00036362	35.921509
Msm1039	phosphoribosylaminoimidazole	980	0.00036325	35.895918
Msm0312	[NiFe]-hydrogenase-3-type	980	0.00036325	35.926531
Msm0214	threonine	979	0.00036288	35.920327
Msm0590	hypothetical	978	0.00036251	35.920245
Msm1704	glutamine	978	0.00036251	35.941718
Msm0252	Na+-driven	968	0.0003588	35.907025
Msm1066	energy-converting	968	0.0003588	35.871901
Msm0124	geranylgeranylglyceryl	966	0.00035806	35.910973
Msm1303	UDP-N-acetyl-D-mannosaminuronate	961	0.0003562	35.930281
Msm1585	adhesin-like	952	0.00035287	35.930672
Msm1200	hypothetical	950	0.00035213	35.870526
Msm0142	predicted	949	0.00035176	35.919916
Msm1146	anthranilate/para-aminobenzoate	948	0.00035139	35.900844
Msm1194	30S	947	0.00035102	35.898627
Msm0479	Zn-dependent	946	0.00035064	35.930233
Msm1441	isopentenyl	945	0.00035027	35.922751
Msm0670	hypothetical	941	0.00034879	35.869288
Msm0073	DNA	937	0.00034731	35.903949
Msm0701	signal	937	0.00034731	35.942369
Msm1006	hypothetical	935	0.00034657	35.870588
Msm1141	tryptophan	935	0.00034657	35.890909
Msm0267	NAD(P)H-dependent	932	0.00034546	35.917382
Msm0638	cell	928	0.00034397	35.921336
Msm0879	Poly(P)/ATP	926	0.00034323	35.927646
Msm0502	ATP-dependent	921	0.00034138	35.896851
Msm0607	putative	918	0.00034027	35.93573
Msm0106	hypothetical	917	0.0003399	35.917121
Msm1051	putative	915	0.00033915	35.898361
Msm0975	F420-0--gamma-glutamyl	915	0.00033915	35.914754
Msm0754	translation	915	0.00033915	35.904918
Msm0570	hypothetical	911	0.00033767	35.923161
Msm0268	cysteinyl-tRNA	903	0.00033471	35.903654
Msm0558	pyruvate:ferredoxin	896	0.00033211	35.866071
Msm0449	2-methylcitrate	896	0.00033211	35.902902
Msm1138	predicted	888	0.00032915	35.89527
Msm0640	cell	887	0.00032878	35.910936
Msm0398	uracil	883	0.00032729	35.885617
Msm1375	predicted	880	0.00032618	35.839773
Msm0951	translation	879	0.00032581	35.90785
Msm1456	hypothetical	874	0.00032396	35.929062
Msm0046	NADH	864	0.00032025	35.900463
Msm0922	Fe-S	862	0.00031951	35.894432
Msm1294	glycosyltransferase 	862	0.00031951	35.908353
Msm1377	50S	859	0.0003184	35.913853
Msm1055	coenzyme	852	0.0003158	35.928404
Msm0091	2 3-diphosphoglycerate	852	0.0003158	35.900235
Msm1258	succinate	850	0.00031506	35.918824
Msm1630	50S	849	0.00031469	35.85159
Msm0321	hypothetical	843	0.00031247	35.916963
Msm0084	heterodisulfide	842	0.0003121	35.92399
Msm0311	polyferredoxin 	841	0.00031173	35.914388
Msm0671	cell	839	0.00031098	35.895113
Msm0130	molybdenum	839	0.00031098	35.907032
Msm1326	polysaccharide/polyol	835	0.0003095	35.920958
Msm1577	ribose-phosphate	835	0.0003095	35.913772
Msm1102	IMP	835	0.0003095	35.88024
Msm0874	adenine	834	0.00030913	35.896882
Msm0325	hypothetical	833	0.00030876	35.890756
Msm0799	hypothetical	831	0.00030802	35.914561
Msm1645	virulence	829	0.00030728	35.913148
Msm0643	hypothetical	826	0.00030617	35.90678
Msm1144	anthranilate	825	0.00030579	35.907879
Msm0794	hypothetical	825	0.00030579	35.847273
Msm1615	deoxyhypusine	820	0.00030394	35.887805
Msm1535	predicted	820	0.00030394	35.923171
Msm0174	O-acetylhomoserine	819	0.00030357	35.90232
Msm0665	5'-methylthioadenosine	818	0.0003032	35.842298
Msm1547	phosphoribosylaminoimidazole-succinocarboxamide	817	0.00030283	35.932681
Msm1295	predicted	817	0.00030283	35.876377
Msm0841	photosynthetic	817	0.00030283	35.753978
Msm0375	acetylglutamate	815	0.00030209	35.916564
Msm1131	hypothetical	813	0.00030135	35.884379
Msm0467	NADP-dependent	812	0.00030098	35.883005
Msm0450	hypothetical	805	0.00029838	35.88323
Msm1331	sugar	802	0.00029727	35.912718
Msm1438	predicted	801	0.0002969	35.926342
Msm0845	2-methylthioadenine	799	0.00029616	35.923655
Msm0932	hypothetical	799	0.00029616	35.927409
Msm1272	hypothetical	798	0.00029579	35.888471
Msm1710	seryl-tRNA	796	0.00029505	35.937186
Msm0699	Na+-dependent	794	0.0002943	35.914358
Msm1221	hypothetical	791	0.00029319	35.88622
Msm1443	bifunctional	788	0.00029208	35.923858
Msm0982	phosphatidylserine	785	0.00029097	35.95414
Msm0945	hydrogenase	784	0.0002906	35.871173
Msm0524	DNA	781	0.00028949	35.910371
Msm1224	acetolactate	777	0.000288	35.88417
Msm0107	hydrogenase	771	0.00028578	35.942931
Msm1450	predicted	768	0.00028467	35.901042
Msm1560	polysaccharide	767	0.0002843	35.895698
Msm1245	DNA-binding	766	0.00028393	35.881201
Msm1452	glutamyl-tRNA	765	0.00028356	35.867974
Msm1264	cell	765	0.00028356	35.891503
Msm1171	ammonia-dependent	764	0.00028318	35.891361
Msm0264	cysteine	763	0.00028281	35.889908
Msm1606	arylsulfatase	762	0.00028244	35.891076
Msm1451	predicted	760	0.0002817	35.888158
Msm1382	hypothetical	760	0.0002817	35.906579
Msm1354	DNA-directed	756	0.00028022	35.828042
Msm1728	hypothetical	755	0.00027985	35.912583
Msm0930	peptidyl-prolyl	755	0.00027985	35.895364
Msm0180	hypothetical	754	0.00027948	35.900531
Msm1344	predicted	753	0.00027911	35.904382
Msm0705	50S	751	0.00027837	35.876165
Msm0070	hypothetical	744	0.00027577	35.915323
Msm1352	predicted	742	0.00027503	35.904313
Msm1721	voltage	741	0.00027466	35.919028
Msm1031	N(2) N(2)-dimethylguanosine	739	0.00027392	35.899865
Msm1191	cell	738	0.00027355	35.903794
Msm1105	NCAIR	737	0.00027318	35.876526
Msm0648	phosphomannomutase 	737	0.00027318	35.898236
Msm0143	hypothetical	736	0.00027281	35.892663
Msm1424	polyphosphate	736	0.00027281	35.919837
Msm1127	cation	734	0.00027206	35.899183
Msm1614	predicted	732	0.00027132	35.901639
Msm0867	AMMECR1-related	731	0.00027095	35.939808
Msm1319	hypothetical	729	0.00027021	35.932785
Msm1498	helicase	728	0.00026984	35.92033
Msm1226	ornithine	728	0.00026984	35.853022
Msm0305	hypothetical	727	0.00026947	35.90784
Msm1188	adhesin-like	726.5	0.0002693	35.946478
Msm0135	coenzyme	726	0.0002691	35.88292
Msm1579	excinuclease	725	0.00026873	35.903448
Msm1173	tRNA(1-methyladenosine)	723	0.00026799	35.901798
Msm0954	predicted	720	0.00026688	35.936111
Msm1160	nitrogenase	719	0.0002665	35.88178
Msm1751	hypothetical	718	0.00026613	35.885794
Msm1044	dihydroorotate	717	0.00026576	35.944212
Msm0966	predicted	715	0.00026502	35.927273
Msm0327	UDP-glucose	714	0.00026465	35.907563
Msm0494	quinolinate	711	0.00026354	35.900141
Msm1020	Fe-S	706	0.00026169	35.898017
Msm0778	predicted	706	0.00026169	35.915014
Msm0229	hypothetical	704	0.00026094	35.923295
Msm0320	predicted	703	0.00026057	35.886202
Msm0667	hypothetical	701	0.00025983	35.940086
Msm1079	predicted	701	0.00025983	35.900143
Msm1381	putative	700	0.00025946	35.878571
Msm0379	bifunctional	699	0.00025909	35.909871
Msm1646	putative	697	0.00025835	35.906743
Msm0505	hypothetical	696	0.00025798	35.893678
Msm1135	50S	695	0.00025761	35.863309
Msm1232	signal	693	0.00025687	35.890332
Msm0066	N-acetylglucosamine-1-phosphate	692	0.0002565	35.904624
Msm1274	predicted	690	0.00025576	35.891304
Msm1626	predicted	690	0.00025576	35.905797
Msm0101	precorrin-3	690	0.00025576	35.944928
Msm0847	3-isopropylmalate	689	0.00025538	35.931785
Msm1536	pleiotropic	688	0.00025501	35.876453
Msm0265	O-acetylhomoserine	688	0.00025501	35.938953
Msm0425	H/ACA	688	0.00025501	35.899709
Msm0989	50S	685	0.0002539	35.924088
Msm1387	lysyl-tRNA	683	0.00025316	35.947291
Msm0883	orotate	681	0.00025242	35.911894
Msm0892	putative	680	0.00025205	35.901471
Msm1158	hydrogenase	680	0.00025205	35.882353
Msm0385	anaerobic	679	0.00025168	35.902798
Msm0284	ribose	678	0.00025131	35.861357
Msm1483	multidrug	678	0.00025131	35.89528
Msm0204	50S	677	0.00025094	35.878877
Msm0016	hypothetical	676.5	0.00025075	35.815453
Msm0984	sortase	671	0.00024871	35.919523
Msm0569	phosphate	667	0.00024723	35.908546
Msm0530	predicted	665	0.00024649	35.924812
Msm1544	lipopolysaccharide	662	0.00024538	35.936556
Msm0869	GTPase 	660	0.00024464	35.912121
Msm1309	dTDP-D-glucose	660	0.00024464	35.927273
Msm1024	pheromone	656	0.00024315	35.91311
Msm0374	long-chain	654	0.00024241	35.934251
Msm1050	hypothetical	652	0.00024167	35.932515
Msm0282	adhesin-like	651.3	0.0002414	35.918205
Msm1120	methionine	649	0.00024056	35.881356
Msm1296	riboflavin	648	0.00024019	35.888889
Msm0129	nicotinamide	645	0.00023908	35.886822
Msm1570	cell	644	0.00023871	35.90528
Msm0804	translation	644	0.00023871	35.928571
Msm0891	peptide	643	0.00023833	35.956454
Msm1318	hypothetical	639	0.00023685	35.890454
Msm0554	protein	638	0.00023648	35.915361
Msm1385	predicted	637	0.00023611	35.957614
Msm1176	replication	637	0.00023611	35.899529
Msm0058	DNA	635	0.00023537	35.905512
Msm0376	alcohol	635	0.00023537	35.899213
Msm0050	predicted	634	0.000235	35.914826
Msm0465	hypothetical	634	0.000235	35.88959
Msm1260	histone	633	0.00023463	35.85782
Msm0383	predicted	630	0.00023352	35.901587
Msm1095	Trk-type	629	0.00023315	35.891892
Msm0176	ribonuclease	629	0.00023315	35.928458
Msm1181	histidyl-tRNA	628	0.00023277	35.934713
Msm0889	hypothetical	628	0.00023277	35.871019
Msm0934	predicted	628	0.00023277	35.890127
Msm1434	hypothetical	627	0.0002324	35.917065
Msm1218	predicted	620	0.00022981	35.925806
Msm0974	LPPG:FO	620	0.00022981	35.917742
Msm0820	molybdenum	617	0.0002287	35.910859
Msm0942	hypothetical	615	0.00022796	35.925203
Msm0326	hypothetical	615	0.00022796	35.853659
Msm0702	prefoldin	615	0.00022796	35.908943
Msm1502	UDP-galactopyranose	613	0.00022721	35.918434
Msm0755	ribosomal	613	0.00022721	35.890701
Msm0184	creatinine	612	0.00022684	35.937908
Msm0308	tetrahydromethanopterin	612	0.00022684	35.911765
Msm0693	ATPase	611	0.00022647	35.924714
Msm0686	acetolactate	610	0.0002261	35.886885
Msm0846	uncharacterized	608	0.00022536	35.886513
Msm0446	citrate	607	0.00022499	35.887974
Msm1287	phosphoribosylaminoimidazole	607	0.00022499	35.920923
Msm1476	delta-aminolevulinic	605	0.00022425	35.923967
Msm0728	predicted	605	0.00022425	35.935537
Msm1091	sugar	605	0.00022425	35.909091
Msm1477	ATP:dephospho-CoA	603	0.00022351	35.917081
Msm0696	Fe-S	603	0.00022351	35.925373
Msm1495	nuclease 	602	0.00022314	35.925249
Msm0118	cell	602	0.00022314	35.923588
Msm0194	30S	600	0.0002224	35.906667
Msm0423	glycosyltransferase	598	0.00022165	35.924749
Msm0112	ATP-dependent	595	0.00022054	35.905882
Msm1582	hypothetical	593	0.0002198	35.934233
Msm0489	carbamoyl	592	0.00021943	35.886824
Msm0037	hypothetical	592	0.00021943	35.934122
Msm0947	predicted	591	0.00021906	35.92555
Msm0769	fumarate	590	0.00021869	35.891525
Msm1043	dihydroorotate	588	0.00021795	35.891156
Msm0492	ribonuclease	588	0.00021795	35.913265
Msm1565	cobyric	588	0.00021795	35.943878
Msm0842	histone	586	0.00021721	35.926621
Msm1374	dimethyladenosine	586	0.00021721	35.901024
Msm0822	photosynthetic	586	0.00021721	35.897611
Msm1299	3-isopropylmalate	585	0.00021684	35.899145
Msm0877	translation	584	0.00021647	35.866438
Msm1500	ssDNA	584	0.00021647	35.864726
Msm0834	chorismate	584	0.00021647	35.683219
Msm1334	predicted	583	0.00021609	35.871355
Msm1021	hypothetical	583	0.00021609	35.883362
Msm0181	50S	583	0.00021609	35.835334
Msm1643	hypothetical	582	0.00021572	35.920962
Msm0179	hypothetical	580	0.00021498	35.85
Msm0587	hypothetical	579	0.00021461	35.873921
Msm0556	dihydropteroate	578	0.00021424	35.906574
Msm1486	30S	578	0.00021424	35.863322
Msm0406	hypothetical	575	0.00021313	35.904348
Msm1210	efflux	574	0.00021276	35.881533
Msm1480	predicted	573	0.00021239	35.897033
Msm1540	glycerol-3-phosphate	572	0.00021202	35.917832
Msm0969	predicted	572	0.00021202	35.872378
Msm0823	phosphoenolpyruvate	571	0.00021165	35.922942
Msm0854	hypothetical	570	0.00021128	35.7
Msm0852	predicted	570	0.00021128	35.92807
Msm0054	2'-5'	569	0.00021091	35.912127
Msm0725	flap	569	0.00021091	35.938489
Msm1361	predicted	568	0.00021054	35.917254
Msm0285	hypothetical	567	0.00021016	35.89418
Msm0580	putative	567	0.00021016	35.936508
Msm0712	hypothetical	567	0.00021016	35.941799
Msm1313	predicted	565	0.00020942	35.909735
Msm1268	hypothetical	564	0.00020905	35.803191
Msm0513	tyrosyl-tRNA	564	0.00020905	35.907801
Msm1440	predicted	562	0.00020831	35.898577
Msm1261	ATP	560	0.00020757	35.873214
Msm1035	FO	558	0.00020683	35.915771
Msm0127	hypothetical	556	0.00020609	35.915468
Msm0377	2-C-methyl-D-erythritol	551	0.00020423	35.952813
Msm1457	hypothetical	551	0.00020423	35.934664
Msm1563	hypothetical	548	0.00020312	35.850365
Msm0343	GMP	547	0.00020275	35.890311
Msm1058	hypothetical	547	0.00020275	35.899452
Msm0509	hypothetical	543	0.00020127	35.953959
Msm1215	cobyrinic	542	0.0002009	35.922509
Msm0805	polar	541	0.00020053	35.896488
Msm0641	prephenate	541	0.00020053	35.944547
Msm1239	predicted	541	0.00020053	35.909427
Msm1503	glycosyltransferase 	538	0.00019942	35.899628
Msm0249	hypothetical	536	0.00019867	35.891791
Msm1625	thiol:fumarate	536	0.00019867	35.927239
Msm1211	putative	536	0.00019867	35.880597
Msm0652	pyruvate	534	0.00019793	35.882022
Msm0582	peptide	534	0.00019793	35.949438
Msm1729	hypothetical	534	0.00019793	35.807116
Msm0453	hypothetical	533	0.00019756	35.917448
Msm1634	prefoldin 	532	0.00019719	35.911654
Msm1641	hypothetical	532	0.00019719	35.815789
Msm0428	integrase-recombinase	532	0.00019719	35.930451
Msm0394	rRNA	531	0.00019682	35.894539
Msm0522	collagenase 	531	0.00019682	35.962335
Msm1747	predicted	530	0.00019644	35.924526
Msm0104	hypothetical	529	0.00019608	35.888469
Msm1567	adhesin-like	527.7	0.00019561	35.894398
Msm0331	2-oxoisovalerate	526	0.00019497	35.870722
Msm0946	phosphoglycolate	525	0.0001946	35.940952
Msm0997	dihydroorotase 	523	0.00019386	35.942639
Msm0408	hypothetical	523	0.00019386	35.892925
Msm1240	predicted	522	0.00019348	35.898467
Msm1472	hypothetical	522	0.00019348	35.91954
Msm1198	O-sialoglycoprotein	520	0.00019274	35.928846
Msm0290	nitrate/sulfonate/bicarbonate	520	0.00019274	35.942308
Msm1448	SAM-dependent	519	0.00019237	35.944123
Msm1292	transcriptional	518	0.000192	35.936293
Msm0126	hypothetical	518	0.000192	35.916988
Msm0340	thioredoxin	517	0.00019163	35.876209
Msm1350	predicted	515	0.00019089	35.899029
Msm0550	protein	513	0.00019015	35.947368
Msm1248	multidrug	512	0.00018978	35.884766
Msm0291	nitrate/sulfonate/bicarbonate	512	0.00018978	35.892578
Msm1754	predicted	512	0.00018978	35.892578
Msm1574	nitroreductase 	511	0.00018941	35.876712
Msm1407	molybdopterin-guanine	510	0.00018904	35.901961
Msm0512	NMD3-related	509	0.00018867	35.91945
Msm0052	adhesin-like	507.6	0.00018814	35.890386
Msm0809	hypothetical	507	0.00018792	35.915187
Msm0065	hypothetical	507	0.00018792	35.901381
Msm0501	phycocyanin	507	0.00018792	35.901381
Msm0925	2-oxoglutarate	501	0.0001857	35.870259
Msm0415	uridylate	500	0.00018533	35.892
Msm0814	phosphoribosylformylglycinamidine	500	0.00018533	35.904
Msm1358	diphthamide	496	0.00018385	35.897177
Msm1206	imidazoleglycerol-phosphate	495	0.00018348	35.884848
Msm1473	metal-dependent	494	0.00018311	35.882591
Msm1396	tungsten	493	0.00018274	35.730223
Msm0093	conserved	493	0.00018274	35.906694
Msm0486	chlorohydrolase	492	0.00018236	35.904472
Msm1351	precorrin-2	492	0.00018236	35.912602
Msm1410	tungsten	491	0.00018199	35.857434
Msm0884	adhesin-like	491	0.00018199	35.898167
Msm1479	exodeoxyribonuclease 	491	0.00018199	35.841141
Msm0108	hydrogenase	490	0.00018162	35.82449
Msm0923	multimeric	486	0.00018014	35.888889
Msm0633	archaeosine	485	0.00017977	35.886598
Msm0987	tyrosine	485	0.00017977	35.931959
Msm1208	teichoic	484	0.0001794	35.894628
Msm1027	Ca2+/Na+	483	0.00017903	35.898551
Msm1554	putative	482	0.00017866	35.910788
Msm1165	predicted	482	0.00017866	35.925311
Msm0887	universal	480	0.00017792	35.835417
Msm0183	RNA-binding	478	0.00017718	35.878661
Msm0941	prenyltransferase	477	0.0001768	35.870021
Msm1674	hypothetical	476	0.00017643	35.894958
Msm0389	hypothetical	475	0.00017606	35.884211
Msm1197	predicted	474	0.00017569	35.902954
Msm1609	molybdate	473	0.00017532	35.906977
Msm0850	hypothetical	473	0.00017532	35.816068
Msm0096	undecaprenyl	472	0.00017495	35.877119
Msm1196	predicted	472	0.00017495	35.92161
Msm0627	tetrahydromethanopterin	471	0.00017458	35.944798
Msm0664	multimeric	470	0.00017421	35.889362
Msm0250	hypothetical	469	0.00017384	35.880597
Msm0703	ribosomal	465	0.00017236	35.776344
Msm0466	predicted	465	0.00017236	35.83871
Msm1293	nitroreductase 	465	0.00017236	35.903226
Msm0768	hypothetical	464	0.00017199	35.834052
Msm0137	putative	464	0.00017199	35.915948
Msm1364	imidazoleglycerol-phosphate	463	0.00017162	35.894168
Msm1543	hypothetical	461	0.00017087	35.937093
Msm0405	predicted	461	0.00017087	35.872017
Msm1497	predicted	460	0.0001705	35.91087
Msm0851	predicted	460	0.0001705	35.928261
Msm0566	phosphate	459	0.00017013	35.901961
Msm0573	biotin	459	0.00017013	35.921569
Msm1252	cation	459	0.00017013	35.904139
Msm0388	amino	459	0.00017013	35.912854
Msm0567	phosphate	458	0.00016976	35.925764
Msm0933	cobalamin-5-phosphate	458	0.00016976	35.932314
Msm0232	signal	457	0.00016939	35.923414
Msm1085	aquaporin 	457	0.00016939	35.92779
Msm0113	DNA	456	0.00016902	35.934211
Msm0695	DNA	456	0.00016902	35.910088
Msm0322	predicted	456	0.00016902	35.875
Msm0445	NADH	455	0.00016865	35.936264
Msm1308	dTDP-4-dehydrorhamnose	455	0.00016865	35.936264
Msm1720	DNA-directed	454	0.00016828	35.872247
Msm0777	hypothetical	454	0.00016828	35.740088
Msm1782	hypothetical	453	0.00016791	35.940397
Msm1179	shikimate	453	0.00016791	35.891832
Msm0555	MoxR-like	452	0.00016754	35.90708
Msm0935	hypothetical	449	0.00016643	35.946548
Msm0837	cobalt-precorrin-6A	445	0.00016494	35.946067
Msm0276	hypothetical	443	0.0001642	35.848758
Msm1243	putative	443	0.0001642	35.907449
Msm1233	glutamate-1-semialdehyde	442	0.00016383	35.925339
Msm1555	SAM-dependent	442	0.00016383	35.954751
Msm1444	hypothetical	441	0.00016346	35.938776
Msm1449	putative	441	0.00016346	35.893424
Msm0140	hypothetical	441	0.00016346	35.848073
Msm0540	predicted	439	0.00016272	35.915718
Msm1263	aspartate	439	0.00016272	35.920273
Msm1247	serine/threonine	438	0.00016235	35.915525
Msm1190	cell	438	0.00016235	35.894977
Msm0724	4-hydroxybenzoate	435	0.00016124	35.924138
Msm1041	DNA-dependent	435	0.00016124	35.891954
Msm0840	hypothetical	434	0.00016087	35.910138
Msm0416	Mg-dependent	434	0.00016087	35.942396
Msm1684	phage-related	433	0.0001605	35.91455
Msm1143	indole-3-glycerol	432	0.00016013	35.905093
Msm1700	predicted	432	0.00016013	35.789352
Msm0790	CBS-domain-containing	432	0.00016013	35.944446
Msm0307	sugar	429	0.00015901	35.902098
Msm1164	translation-associated	428	0.00015864	35.904206
Msm1359	adenine	427	0.00015827	35.915691
Msm0968	bifunctional	427	0.00015827	35.88993
Msm0635	predicted	425	0.00015753	35.901176
Msm0659	hypothetical	424	0.00015716	35.941038
Msm1677	putative	424	0.00015716	35.941038
Msm1490	hypothetical	422	0.00015642	35.845972
Msm1772	hypothetical	418	0.00015494	35.916268
Msm0353	hypothetical	418	0.00015494	35.925837
Msm1639	heavy	417	0.00015457	35.877698
Msm0593	multidrug	417	0.00015457	35.904077
Msm1338	flavoprotein	416	0.00015419	35.932692
Msm0224	hypothetical	415	0.00015382	35.898795
Msm0553	ATPase 	415	0.00015382	35.843373
Msm1312	glycosyltransferase 	413	0.00015308	35.953995
Msm0858	phosphoribosylformimino-5-aminoimidazole	413	0.00015308	35.920097
Msm1447	hypothetical	412	0.00015271	35.93932
Msm1465	multidrug	410	0.00015197	35.941463
Msm1116	adhesin-like	409	0.0001516	35.9511
Msm0372	phycobiliprotein	409	0.0001516	35.93643
Msm0504	hypothetical	409	0.0001516	35.855746
Msm1637	hypothetical	409	0.0001516	35.904645
Msm0122	predicted	406	0.00015049	35.903941
Msm0409	C4-type	404	0.00014975	35.915842
Msm1514	glycerol-3-phosphate	402	0.00014901	35.91791
Msm0156	aspartyl/glutamyl-tRNA	402	0.00014901	35.880597
Msm0319	NADH	399	0.00014789	35.899749
Msm0729	molybdopterin	398	0.00014752	35.944724
Msm0309	hypothetical	398	0.00014752	35.866834
Msm0462	predicted	397	0.00014715	35.896725
Msm0949	transcriptional	396	0.00014678	35.873737
Msm1129	hypothetical	396	0.00014678	35.924242
Msm0836	glycosyltransferase 	395	0.00014641	35.901266
Msm0317	NADH	394	0.00014604	35.92132
Msm0123	hypothetical	394	0.00014604	35.923858
Msm0928	2-oxoglutarate	394	0.00014604	35.807107
Msm1285	hypothetical	393	0.00014567	35.908397
Msm1304	dTDP-4-dehydrorhamnose	392	0.0001453	35.910714
Msm0586	cobalt	392	0.0001453	35.920918
Msm0690	helicase	391	0.00014493	35.941176
Msm1406	molybdenum	391	0.00014493	35.923274
Msm0160	asparagine	390	0.00014456	35.917949
Msm1032	transcriptional	390	0.00014456	35.928205
Msm0410	hypothetical	390	0.00014456	35.928205
Msm0735	50S	390	0.00014456	35.853846
Msm0364	nickel	389	0.00014419	35.912596
Msm0373	isocitrate/isopropylmalate	389	0.00014419	35.933162
Msm0288	hypothetical	388	0.00014382	35.909794
Msm0402	deoxycytidine	387	0.00014345	35.927649
Msm0611	DNA	386	0.00014307	35.955959
Msm0919	triosephosphate	383	0.00014196	35.937337
Msm1270	fuculose-1-phosphate	383	0.00014196	35.830287
Msm0239	hypothetical	382	0.00014159	35.900524
Msm1325	predicted	381	0.00014122	35.931759
Msm0169	predicted	379	0.00014048	35.912929
Msm0747	30S	379	0.00014048	35.868074
Msm1356	DNA-directed	379	0.00014048	35.920844
Msm0873	hypothetical	379	0.00014048	35.939314
Msm1732	hypothetical	378	0.00014011	35.753968
Msm0391	indolepyruvate	378	0.00014011	35.941799
Msm1068	putative	377	0.00013974	35.867374
Msm1042	predicted	377	0.00013974	35.864721
Msm0063	hypothetical	376	0.00013937	35.885638
Msm1548	phosphoribosylformylglycinamidine	376	0.00013937	35.853723
Msm1271	DNA	374	0.00013863	35.965241
Msm0637	dihydrolipoamide	374	0.00013863	35.898396
Msm0033	ketopantoate	374	0.00013863	35.86631
Msm1644	hypothetical	373	0.00013826	35.932976
Msm1281	sirohydrochlorin	373	0.00013826	35.895442
Msm0359	cell	372	0.00013789	35.935484
Msm1275	mgtE-like	372	0.00013789	35.930108
Msm1255	hypothetical	369	0.00013677	35.926829
Msm0608	putative	367	0.00013603	35.811989
Msm0324	hypothetical	367	0.00013603	35.73297
Msm0618	pH	366	0.00013566	35.948087
Msm0036	hypothetical	366	0.00013566	35.928962
Msm1065	ferredoxin	366	0.00013566	35.882514
Msm1504	uroporphyrinogen	365	0.00013529	35.775342
Msm0811	hypothetical	365	0.00013529	35.868493
Msm1034	hypothetical	363	0.00013455	35.85124
Msm1099	hypothetical	363	0.00013455	35.947658
Msm0361	carbamoyl-phosphate	363	0.00013455	35.917355
Msm0097	Mg-dependent	362	0.00013418	35.917127
Msm1111	adhesin-like	361.2	0.00013386	35.938292
Msm1622	riboflavin	357	0.00013233	35.910364
Msm0632	predicted	356	0.00013196	35.890449
Msm1357	exosome	354	0.00013121	35.898305
Msm1771	DNA	353	0.00013084	35.949008
Msm1594	glycosyltransferase/CDP-glycerol:poly(glycerophosphate)	352	0.00013047	35.897727
Msm0464	L-aspartate	352	0.00013047	35.960227
Msm0803	predicted	350	0.00012973	35.902857
Msm1484	multidrug	350	0.00012973	35.897143
Msm1154	metal-dependent	349	0.00012936	35.873926
Msm0455	hypothetical	348	0.00012899	35.936782
Msm1184	sugar	348	0.00012899	35.908046
Msm1082	hypothetical	347.3	0.00012872	35.907856
Msm1703	hypothetical	347	0.00012862	35.893372
Msm0313	[NiFe]-hydrogenase-3-type	345	0.00012788	35.863768
Msm1717	predicted	345	0.00012788	35.872464
Msm1558	SAM-dependent	345	0.00012788	35.918841
Msm0281	putative	345	0.00012788	35.930435
Msm0715	predicted	344	0.00012751	35.906977
Msm1166	hypothetical	344	0.00012751	35.94186
Msm1291	hypothetical	344	0.00012751	35.909884
Msm0616	adhesin-like	341.3	0.00012652	35.941688
Msm0581	hypothetical	341	0.0001264	35.932551
Msm0115	hypothetical	340	0.00012602	35.879412
Msm1249	multidrug	340	0.00012602	35.876471
Msm0355	predicted	339	0.00012565	35.884956
Msm0329	DNA	339	0.00012565	35.911504
Msm0651	O-linked	338	0.00012528	35.93787
Msm1391	predicted	338	0.00012528	35.878698
Msm1241	chromosome	338	0.00012528	35.914201
Msm1075	putative	336	0.00012454	35.934524
Msm1112	adhesin-like	334.6	0.00012404	35.920375
Msm0166	predicted	333	0.00012343	35.897898
Msm0271	cysteine	333	0.00012343	35.90991
Msm1376	DNA-directed	333	0.00012343	35.90991
Msm1545	glycosyltransferase 	333	0.00012343	35.891892
Msm0896	precorrin-6X	333	0.00012343	35.945946
Msm1559	polysaccharide	332	0.00012306	35.948795
Msm0613	phosphatidylglycerophosphate	328	0.00012158	35.942073
Msm0950	molybdopterin	328	0.00012158	35.902439
Msm1496	hypothetical	325	0.00012046	35.867692
Msm1760	hypothetical	325	0.00012046	35.892308
Msm1136	hypothetical	324	0.00012009	35.87963
Msm1617	orotidine-5'-phosphate	324	0.00012009	35.898148
Msm1583	archaea-specific	324	0.00012009	35.901235
Msm1363	preprotein	323	0.00011972	35.597523
Msm0952	serine/threonine	323	0.00011972	35.925697
Msm0688	4-oxalocrotonate	323	0.00011972	35.839009
Msm1235	predicted	323	0.00011972	35.873065
Msm0802	methyltransferase	323	0.00011972	35.900929
Msm0344	hypothetical	322	0.00011935	35.937888
Msm1608	predicted	322	0.00011935	35.944099
Msm0547	predicted	322	0.00011935	35.916149
Msm0797	archaeosine	321	0.00011898	35.894081
Msm0591	hypothetical	318	0.00011787	35.663522
Msm1416	hypothetical	316	0.00011713	35.905063
Msm0732	H/ACA	315	0.00011676	35.939683
Msm0523	collagenase 	315	0.00011676	35.87619
Msm1156	tRNA	314	0.00011639	35.859873
Msm0431	predicted	313	0.00011602	35.942492
Msm0301	peptide/nickel	313	0.00011602	35.945687
Msm0812	hypothetical	313	0.00011602	35.913738
Msm1731	short	312	0.00011565	35.945513
Msm1056	6-pyruvoyl-tetrahydropterin	311	0.00011528	35.85209
Msm1640	DNA	311	0.00011528	35.948553
Msm0953	hypothetical	310	0.0001149	35.922581
Msm1695	excinuclease	310	0.0001149	35.929032
Msm1072	putative	309	0.00011453	35.841424
Msm0931	hypothetical	307	0.00011379	35.983713
Msm0102	methionine	306	0.00011342	35.924837
Msm0565	phosphate	305	0.00011305	35.947541
Msm1753	hypothetical	304	0.00011268	35.858553
Msm1538	CMP-sialic	304	0.00011268	35.944079
Msm1074	putative	303	0.00011231	35.927393
Msm0606	hypothetical	303	0.00011231	35.894389
Msm0452	predicted	301	0.00011157	35.880399
Msm1265	hypothetical	300	0.0001112	35.893333
Msm1288	hypothetical	299	0.00011083	35.973244
Msm0630	hypothetical	298	0.00011046	35.892617
Msm0412	putative	298	0.00011046	35.892617
Msm1757	hypothetical	298	0.00011046	35.936242
Msm0631	transcription	298	0.00011046	35.848993
Msm1069	energy-converting	298	0.00011046	35.869128
Msm0236	phosphohydrolase	297	0.00011009	35.892256
Msm0015	hypothetical	297	0.00011009	35.626263
Msm0289	phosphomethylpyrimidine	297	0.00011009	35.946128
Msm0009	hypothetical	295	0.00010934	35.864407
Msm1573	N-acetyltransferase 	295	0.00010934	35.894915
Msm1097	Zn-dependent	295	0.00010934	35.854237
Msm0119	predicted	293	0.0001086	35.883959
Msm0544	predicted	293	0.0001086	35.921502
Msm1537	predicted	293	0.0001086	35.883959
Msm1436	ferredoxin	292	0.00010823	35.815068
Msm1150	predicted	291	0.00010786	35.776632
Msm1739	hypothetical	291	0.00010786	35.910653
Msm1719	hypothetical	289	0.00010712	35.792388
Msm0266	adhesin-like	288.4	0.00010691	35.90513
Msm0029	putative	288	0.00010675	35.940972
Msm0594	multidrug	287.6	0.0001066	35.881778
Msm1108	molecular	287	0.00010638	35.95122
Msm1060	energy-converting	287	0.00010638	35.891986
Msm1610	molybdate	283	0.0001049	35.862191
Msm1203	Zn-dependent	282	0.00010453	35.783688
Msm0876	arginase/agmatinase/formimionoglutamate	281	0.00010416	35.875445
Msm1516	histidinol-phosphate	281	0.00010416	35.893238
Msm1612	predicted	279.6	0.00010364	35.903437
Msm0211	hypothetical	279	0.00010341	35.9319
Msm1307	dTDP-glucose	277	0.00010267	35.898917
Msm0384	nascent	277	0.00010267	35.794224
Msm1320	possible	277	0.00010267	35.891697
Msm0585	cobalt	275	0.00010193	35.894545
Msm0563	fumarate	274	0.00010156	35.948905
Msm0048	hypothetical	273	0.00010119	35.871795
Msm0190	predicted	273	0.00010119	35.930403
Msm0859	glycerol-3-phosphate	273	0.00010119	35.846154
Msm0964	calcineurin-like	271	0.00010045	35.896679
Msm1481	DNA-directed	271	0.00010045	35.911439
Msm0454	hypothetical	271	0.00010045	35.948339
Msm0141	dephospho-CoA	270	0.00010008	35.877778
Msm0390	hypothetical	270	0.00010008	35.792593
Msm0798	hypothetical	270	0.00010008	35.914815
Msm1046	pre-mRNA	269	0.000099708	35.921933
Msm1459	multidrug	268	0.000099337	35.921642
Msm0818	predicted	268	0.000099337	35.914179
Msm0551	hypothetical	268	0.000099337	35.847015
Msm0185	hypothetical	267	0.000098966	35.842697
Msm1379	predicted	267	0.000098966	35.835206
Msm0483	hypothetical	266	0.000098596	35.906015
Msm0921	predicted	266	0.000098596	35.962406
Msm0963	endonuclease	266	0.000098596	35.951128
Msm0199	hypothetical	266	0.000098596	35.921053
Msm1529	putative	265	0.000098225	35.890566
Msm0817	predicted	265	0.000098225	35.928302
Msm1180	predicted	265	0.000098225	35.932075
Msm1542	2-C-methyl-D-erythritol	265	0.000098225	35.913208
Msm1220	small	265	0.000098225	35.766038
Msm0114	hypothetical	264	0.000097854	35.92803
Msm1699	predicted	263	0.000097484	35.946768
Msm0828	possible	263	0.000097484	35.946768
Msm0132	hypothetical	262	0.000097113	35.946565
Msm1064	energy-converting	262	0.000097113	35.843511
Msm1324	glycosyltransferase 	261.1	0.000096794	35.929103
Msm0231	3-dehydroquinate	261	0.000096742	35.877395
Msm0521	hypothetical	260	0.000096372	35.911538
Msm1145	anthranilate/para-aminobenzoate	259	0.000096001	35.911197
Msm0314	hypothetical	258	0.00009563	35.868217
Msm0662	putative	256	0.000094889	35.953125
Msm1785	hypothetical	256	0.000094889	35.964844
Msm1423	exopolyphosphatase 	256	0.000094889	35.878906
Msm1283	thiamine	256	0.000094889	35.929688
Msm1734	predicted	255	0.000094518	35.972549
Msm1310	glycosyltransferase 	255	0.000094518	35.878431
Msm1592	polysaccharide/polyol	254	0.000094148	35.917323
Msm0216	tryptophanyl-tRNA	254	0.000094148	35.913386
Msm0076	hypothetical	253	0.000093777	35.901186
Msm0323	hypothetical	253	0.000093777	35.873518
Msm1759	hypothetical	252	0.000093406	35.857143
Msm0413	transcriptional	252	0.000093406	35.861111
Msm1707	nitrogenase	252	0.000093406	35.948413
Msm0996	adhesin-like	252	0.000093406	35.972222
Msm1070	energy-converting	251	0.000093036	35.900398
Msm1598	SAM-dependent	251	0.000093036	35.936255
Msm1321	predicted	250	0.000092665	35.908
Msm0448	hypothetical	250	0.000092665	35.952
Msm0238	precorrin-6B	249	0.000092294	35.843373
Msm1517	ornithine	248	0.000091924	35.866935
Msm0936	transcription	248	0.000091924	35.903226
Msm0698	hypothetical	248	0.000091924	35.939516
Msm1134	30S	247	0.000091553	35.821862
Msm0902	methyl-coenzyme	247	0.000091553	35.874494
Msm0167	conserved	247	0.000091553	35.906883
Msm1725	hypothetical	247	0.000091553	35.951417
Msm1228	Na+-driven	246	0.000091182	35.845528
Msm1602	glycosyltransferase/CDP-glycerol:poly(glycerophosphate)	246	0.000091182	35.902439
Msm1077	putative	246	0.000091182	35.760163
Msm1445	predicted	246	0.000091182	35.894309
Msm0880	UDP-N-acetylmuramyl	245	0.000090812	35.938776
Msm0067	hypothetical	245	0.000090812	35.84898
Msm1775	putative	244	0.000090441	35.922131
Msm1627	glycosyltransferase 	243	0.00009007	35.925926
Msm1067	energy-converting	242	0.0000897	35.789256
Msm0018	hypothetical	241.5	0.000089521	35.775763
Msm1094	conserved	241	0.000089329	35.883817
Msm0500	N-carbamoyl-D-amino	240	0.000088958	35.916667
Msm0352	predicted	239	0.000088588	35.945607
Msm1076	putative	238	0.000088217	35.92437
Msm1311	glycosyltransferase 	238	0.000088217	35.882353
Msm0296	putative	237	0.000087846	35.852321
Msm1718	predicted	237	0.000087846	35.814346
Msm0422	hypothetical	237	0.000087846	35.902954
Msm1513	aspartate	236	0.000087476	35.800847
Msm0801	diphthine	235	0.000087105	35.923404
Msm1491	formylmethanofuran	234.1	0.000086777	35.953015
Msm0472	Xaa-Pro	234	0.000086735	35.901709
Msm1509	hypothetical	233	0.000086364	35.922747
Msm1182	phosphoribosyl-AMP	233	0.000086364	35.88412
Msm0967	glutamyl-tRNA	233	0.000086364	35.957082
Msm1362	molybdenum	232	0.000085993	35.900862
Msm1432	DNA-directed	229	0.000084881	35.851528
Msm1758	hypothetical	228	0.000084511	35.842105
Msm1705	predicted	228	0.000084511	35.899123
Msm0493	mechanosensitive	227	0.00008414	35.955947
Msm0595	multidrug	226.4	0.000083919	35.898412
Msm1114	adhesin-like	226	0.000083769	35.964602
Msm0733	50S	225	0.000083399	35.862222
Msm1623	glycosyltransferase/dolichyl-phosphate	225	0.000083399	35.911111
Msm1217	type	225	0.000083399	35.871111
Msm0681	hypothetical	222.2	0.000082379	35.877953
Msm1025	hypothetical	222	0.000082287	35.846847
Msm0609	ferredoxin 	220	0.000081545	35.890909
Msm0789	cation	220	0.000081545	35.931818
Msm0508	cell	220	0.000081545	35.909091
Msm0212	hypothetical	220	0.000081545	35.927273
Msm0507	predicted	219	0.000081175	35.753425
Msm1665	hypothetical	219	0.000081175	35.872146
Msm0503	flavodoxin 	218	0.000080804	35.972477
Msm0497	hypothetical	217	0.000080433	35.935484
Msm0491	nicotinate-nucleotide	217	0.000080433	35.903226
Msm1711	hypothetical	216	0.000080063	35.925926
Msm1632	predicted	215	0.000079692	35.874419
Msm0878	pyruvoyl-dependent	215	0.000079692	35.902326
Msm1635	hypothetical	215	0.000079692	35.874419
Msm0302	peptide/nickel	213	0.000078951	35.957746
Msm1599	SAM-dependent	213	0.000078951	35.957746
Msm0341	hypothetical	212	0.00007858	35.90566
Msm0511	translation	212	0.00007858	35.900943
Msm0346	hypothetical	211	0.000078209	35.900474
Msm1697	hypothetical	211	0.000078209	35.791469
Msm1047	fibrillarin	211	0.000078209	35.933649
Msm0994	predicted	211	0.000078209	35.933649
Msm0578	hypothetical	208	0.000077097	35.927885
Msm0356	hypothetical	207	0.000076727	35.898551
Msm0985	hypothetical	207	0.000076727	35.956522
Msm1590	adhesin-like	206.7	0.000076618	35.873887
Msm0788	aspartate	206	0.000076356	35.927184
Msm0193	ribosomal	206	0.000076356	35.718447
Msm1636	ProFAR	206	0.000076356	35.92233
Msm1216	hypothetical	205	0.000075985	35.882927
Msm0958	predicted	205	0.000075985	35.897561
Msm0098	hypothetical	204	0.000075615	35.960784
Msm1738	putative	203	0.000075244	35.827586
Msm0660	LemA	202	0.000074873	35.930693
Msm1369	MutT-related	201	0.000074503	35.940299
Msm0258	hypothetical	201	0.000074503	35.965174
Msm1765	hypothetical	200	0.000074132	35.801406
Msm1681	hypothetical	199	0.000073761	35.954774
Msm0602	elongation	198	0.000073391	35.959596
Msm1057	hypothetical	198	0.000073391	35.914141
Msm1611	molybdate	198	0.000073391	35.89899
Msm0041	hypothetical	197	0.00007302	35.878173
Msm0042	hypothetical	197	0.00007302	35.807107
Msm1147	hypothetical	196	0.000072649	35.908163
Msm1515	lipopolysaccharide	195	0.000072279	35.917949
Msm1081	transcriptional	194.7	0.000072174	35.969186
Msm1572	ADP-ribosylglycohydrolase	193	0.000071537	35.917098
Msm1401	biopolymer	193	0.000071537	35.917098
Msm0990	nitrate/sulfonate/bicarbonate	193	0.000071537	35.937824
Msm0481	TfuA-like	192	0.000071167	35.895833
Msm1244	predicted	192	0.000071167	35.890625
Msm1049	phosphopantothenoylcysteine	192	0.000071167	35.796875
Msm1048	phosphopantothenoylcysteine	192	0.000071167	35.895833
Msm1087	NAD-dependent	192	0.000071167	35.916667
Msm0131	molybdenum-binding	192	0.000071167	35.911458
Msm0972	tRNA-dihydrouridine	191	0.000070796	35.858639
Msm0367	hypothetical	191	0.000070796	35.879581
Msm0692	hypothetical	191	0.000070796	35.858639
Msm0348	hypothetical	190	0.000070425	35.873684
Msm0865	putative	189	0.000070055	35.941799
Msm0178	hypothetical	189	0.000070055	35.89418
Msm1692	hypothetical	189	0.000070055	35.830688
Msm0210	hypothetical	189	0.000070055	35.862434
Msm0074	hypothetical	188	0.000069684	35.920213
Msm0426	demethylmenaquinone	185	0.000068572	35.875676
Msm0223	hypothetical	184	0.000068202	35.706522
Msm1028	predicted	183	0.000067831	35.912568
Msm0380	hypothetical	183	0.000067831	35.89071
Msm0598	SAM-dependent	182	0.00006746	35.956044
Msm0225	hypothetical	182	0.00006746	35.868132
Msm1090	sugar	182	0.00006746	35.950549
Msm0138	predicted	182	0.00006746	35.923077
Msm0680	predicted	180	0.000066719	35.966667
Msm1494	hypothetical	180	0.000066719	35.894444
Msm1433	DNA-directed	179	0.000066348	35.787709
Msm1103	phosphoribosyl-ATP	178	0.000065978	35.882022
Msm1234	precorrin-8X	178	0.000065978	35.88764
Msm0477	hypothetical	177.4	0.000065755	35.932942
Msm1600	putative	177	0.000065607	35.926554
Msm0133	predicted	177	0.000065607	35.830508
Msm1528	predicted	176	0.000065236	35.982955
Msm1556	hypothetical	175	0.000064866	35.948571
Msm0303	peptide/nickel	174	0.000064495	35.908046
Msm0916	hydroxyethylthiazole	173	0.000064124	35.901734
Msm1415	hypothetical	173	0.000064124	35.901734
Msm1578	hypothetical	172	0.000063754	35.953488
Msm0604	predicted	171	0.000063383	35.918129
Msm0697	hypothetical	171	0.000063383	35.906433
Msm0103	hypothetical	171	0.000063383	35.818713
Msm1029	hypothetical	171	0.000063383	35.894737
Msm0010	N-acetyltransferase 	170	0.000063012	35.958824
Msm0577	predicted	170	0.000063012	35.882353
Msm1642	hypothetical	170	0.000063012	35.917647
Msm0855	tRNA	169	0.000062642	35.964497
Msm1531	Na+-dependent	168.6	0.000062486	35.934749
Msm1593	polysaccharide/polyol	168	0.000062271	35.904762
Msm0835	shikimate	168	0.000062271	35.863095
Msm0678	hypothetical	167	0.0000619	35.904192
Msm0196	DNA-dependent	164	0.000060788	35.914634
Msm1262	flavodoxin	164	0.000060788	35.957317
Msm0259	hypothetical	163	0.000060418	35.907975
Msm0044	PLP	163	0.000060418	35.865031
Msm0917	thiamine	162	0.000060047	35.858025
Msm0443	hypothetical	162	0.000060047	35.925926
Msm0035	hypothetical	161	0.000059676	35.881988
Msm1168	putative	160	0.000059306	35.9125
Msm1073	hypothetical	160	0.000059306	35.9125
Msm1199	hypothetical	160	0.000059306	35.925
Msm1104	acetyltransferase 	159	0.000058935	35.962264
Msm1290	glycosyltransferase	159	0.000058935	35.981132
Msm0564	phosphate	159	0.000058935	35.886792
Msm0072	putative	159	0.000058935	35.893082
Msm0253	hypothetical	158	0.000058564	35.860759
Msm1783	hypothetical	158	0.000058564	35.746835
Msm1507	glycosyltransferase 	157	0.000058194	35.955414
Msm1676	hypothetical	157	0.000058194	35.859873
Msm0496	homoserine	157	0.000058194	35.853503
Msm1162	hypothetical	156	0.000057823	35.903846
Msm1328	glycosyltransferase 	156	0.000057823	35.942308
Msm1126	predicted	155	0.000057452	35.806452
Msm1501	signal	155	0.000057452	35.916129
Msm0447	fumarate	155	0.000057452	35.877419
Msm0979	ribonuclease	154	0.000057082	35.948052
Msm0487	hypothetical	153	0.000056711	35.895425
Msm0090	hypothetical	153	0.000056711	35.901961
Msm0815	hypothetical	153	0.000056711	35.849673
Msm1588	transposase	152	0.00005634	35.889952
Msm1776	TPR	151	0.00005597	35.966887
Msm0442	hypothetical	151	0.00005597	35.880795
Msm1752	predicted	151	0.00005597	35.880795
Msm0617	thiamine	150	0.000055599	35.9
Msm1726	hypothetical	150	0.000055599	35.86
Msm0062	flavodoxin	150	0.000055599	35.86
Msm0144	hypothetical	150	0.000055599	35.846667
Msm0095	predicted	150	0.000055599	35.913333
Msm0064	hypothetical	150	0.000055599	35.913333
Msm1316	glycosyltransferase 	149	0.000055228	35.926174
Msm0636	hydrogenase	148	0.000054858	35.804054
Msm1393	iron(III)	148	0.000054858	35.864865
Msm0995	adhesin-like	147.3	0.000054588	35.966049
Msm1155	hypothetical	147	0.000054487	35.945578
Msm1773	hypothetical	147	0.000054487	35.897959
Msm1768	hypothetical	145	0.000053746	35.910345
Msm1061	energy-converting	145	0.000053746	35.855172
Msm0047	chloramphenicol	145	0.000053746	35.972414
Msm1769	hypothetical	145	0.000053746	35.889655
Msm1366	lactoylglutathione	145	0.000053746	35.793103
Msm0691	mutator	144	0.000053375	35.840278
Msm1132	ribosome	144	0.000053375	35.6875
Msm0482	ATP-utilizing	144	0.000053375	35.875
Msm1691	putative	144	0.000053375	35.819444
Msm0420	predicted	143	0.000053004	35.923077
Msm0315	predicted	142	0.000052634	35.922535
Msm0687	deoxycytidine-triphosphate	142	0.000052634	35.84507
Msm1539	sialic	141	0.000052263	35.978723
Msm1687	hypothetical	141	0.000052263	35.93617
Msm0088	hypothetical	141	0.000052263	35.964539
Msm1453	hypothetical	140	0.000051892	35.892857
Msm1616	hypothetical	140	0.000051892	35.907143
Msm0663	dinitrogenase	139	0.000051522	35.870504
Msm1373	methyltransferase 	137	0.00005078	35.839416
Msm0713	predicted	137	0.00005078	35.905109
Msm0261	hypothetical	136	0.00005041	35.926471
Msm0237	3-polyprenyl-4-hydroxybenzoate	135	0.000050039	35.925926
Msm0646	hypothetical	134	0.000049668	35.977612
Msm1400	putative	134	0.000049668	35.776119
Msm0475	hypothetical	133	0.000049298	35.894737
Msm1390	transcriptional	133	0.000049298	35.909774
Msm0574	hypothetical	131	0.000048557	35.854962
Msm0328	hypothetical	130	0.000048186	35.907692
Msm1722	nitroreductase	130	0.000048186	35.938462
Msm1686	hypothetical	129	0.000047815	35.868217
Msm1178	putative	129	0.000047815	35.829457
Msm0186	hypothetical	129	0.000047815	35.790698
Msm1737	putative	128	0.000047445	35.914062
Msm0263	nitrogen	128	0.000047445	35.882812
Msm0514	hypothetical	128	0.000047445	35.9375
Msm0920	hypothetical	128	0.000047445	35.851562
Msm0552	sulfur	127	0.000047074	35.968504
Msm0417	predicted	127	0.000047074	35.818898
Msm0983	hypothetical	127	0.000047074	35.897638
Msm0318	hypothetical	127	0.000047074	35.897638
Msm0714	predicted	126	0.000046703	35.936508
Msm1327	predicted	126	0.000046703	35.84127
Msm1088	hypothetical	126	0.000046703	35.825397
Msm1420	helicase 	126	0.000046703	35.928571
Msm1485	putative	126	0.000046703	35.904762
Msm1512	lipopolysaccharide	125	0.000046333	35.928
Msm0349	hypothetical	125	0.000046333	35.952
Msm1575	hypothetical	125	0.000046333	35.712
Msm0191	hypothetical	124	0.000045962	35.879032
Msm1795	predicted	123	0.000045591	35.902439
Msm0240	molybdopterin-guanine	123	0.000045591	35.853659
Msm0775	transcriptional	123	0.000045591	35.96748
Msm1378	putative	123	0.000045591	35.869919
Msm1317	glycosyltransferase	122	0.000045221	35.959016
Msm0893	acetyltransferase	122	0.000045221	35.844262
Msm0247	ribonuclease	121	0.00004485	35.900826
Msm0679	hypothetical	121	0.00004485	35.859504
Msm0272	endonuclease	120	0.000044479	35.875
Msm1746	predicted	119	0.000044115	35.957989
Msm0905	methyl-coenzyme	119	0.000044109	35.941176
Msm0787	Fe-S	118	0.000043738	35.855932
Msm0519	hypothetical	117	0.000043367	35.91453
Msm0089	pyrroline-5-carboxylate	117	0.000043367	35.837607
Msm1301	predicted	117	0.000043367	35.91453
Msm1527	predicted	117	0.000043367	35.940171
Msm1284	pyruvate	117	0.000043367	35.794872
Msm0731	putative	117	0.00004336	35.920273
Msm0092	putative	115	0.000042626	35.878261
Msm1568	putative	115	0.000042626	35.973913
Msm0444	hypothetical	114	0.000042255	35.824561
Msm0903	methyl-coenzyme	114	0.000042255	35.912281
Msm0937	HD	114	0.000042255	35.929825
Msm0001	exoribonuclease	114	0.000042255	35.894737
Msm0395	ferredoxin 	113	0.000041885	35.876106
Msm0061	predicted	112	0.000041514	35.946429
Msm0094	predicted	112	0.000041514	35.910714
Msm1607	hypothetical	111	0.000041143	35.891892
Msm0418	hypothetical	111	0.000041143	35.864865
Msm0468	hypothetical	110	0.000040773	35.881818
Msm1460	energy-converting	110	0.000040773	35.8
Msm1523	transposase	110	0.000040773	35.927273
Msm0316	hypothetical	110	0.000040773	35.981818
Msm0295	formate	110	0.000040773	35.990909
Msm1392	formate	109	0.000040402	35.899083
Msm0912	DNA-directed	109	0.000040402	35.880734
Msm0419	hypothetical	109	0.000040402	35.908257
Msm1005	GTP:adenosylcobinamide-phosphate	109	0.000040402	35.880734
Msm1370	hypothetical	108	0.000040031	35.935185
Msm1322	glycosyltransferase	108	0.000040031	35.87037
Msm0948	hypothetical	108	0.000040031	35.898148
Msm0139	hypothetical	107	0.000039661	35.850467
Msm0672	thiamine	107	0.000039661	35.943925
Msm0463	predicted	106	0.00003929	35.943396
Msm0575	hypothetical	106	0.00003929	35.971698
Msm0605	peptidyl-tRNA	106	0.00003929	35.95283
Msm1036	predicted	105	0.000038919	35.933333
Msm1267	cobalamin	105	0.000038919	35.92381
Msm1688	hypothetical	105	0.000038919	35.904762
Msm1713	predicted	104	0.000038549	35.923077
Msm1251	predicted	104	0.000038549	35.817308
Msm0421	hypothetical	104	0.000038549	35.942308
Msm0043	peptide	104	0.000038549	35.884615
Msm0562	formate	104	0.000038549	35.875
Msm0304	peptide/nickel	103	0.000038178	35.825243
Msm0347	putative	103	0.000038178	35.815534
Msm0526	hypothetical	103	0.000038178	35.805825
Msm1185	methylated-DNA-[protein]-cysteine	103	0.000038178	35.902913
Msm0824	putative	102	0.000037807	35.852941
Msm0456	hypothetical	102	0.000037807	35.941176
Msm0366	hypothetical	101	0.000037437	35.712871
Msm1386	cytosine	101	0.000037437	35.910891
Msm1682	hypothetical	101	0.000037437	35.910891
Msm1743	predicted	100.2	0.000037157	35.91022
Msm1269	putative	100	0.000037066	35.78
Msm1212	hypothetical	100	0.000037066	35.83
Msm1329	predicted	100	0.000037066	35.97
Msm1532	Na+-dependent	99.4	0.000036851	35.979883
Msm0060	predicted	98	0.000036325	35.928571
Msm1761	predicted	98	0.000036325	35.908163
Msm1100	hypothetical	98	0.000036325	35.969388
Msm0040	hypothetical	98	0.000036325	35.969388
Msm0068	hypothetical	97	0.000035954	35.690722
Msm1673	hypothetical	96	0.000035583	35.927083
Msm0684	hypothetical	95	0.000035213	35.947368
Msm1458	hypothetical	95	0.000035213	36
Msm0257	hypothetical	94	0.000034842	35.925532
Msm0689	hypothetical	94	0.000034842	35.744681
Msm1045	possible	94	0.000034842	35.882979
Msm0217	tRNA-splicing	93	0.000034471	35.849462
Msm0362	coenzyme	93	0.000034471	35.827957
Msm0269	predicted	93	0.000034471	35.763441
Msm0520	thymidylate	92	0.000034101	35.967391
Msm1052	prephenate	92	0.000034101	36
Msm1023	2-phosphosulpholactate	92	0.000034101	35.880435
Msm1740	O-linked	92	0.000034101	35.826087
Msm0034	hypothetical	91	0.00003373	35.967033
Msm1159	imidazole	91	0.00003373	35.934066
Msm1394	iron(III)	89	0.000032989	35.966292
Msm1330	predicted	89	0.000032989	35.88764
Msm0003	hypothetical	89	0.000032989	35.910112
Msm1766	O-linked	88.6	0.000032856	35.909749
Msm1727	multimeric	87	0.000032247	35.896552
Msm0685	hypothetical	86	0.000031877	35.988372
Msm1741	hypothetical	85	0.000031506	35.894118
Msm0819	putative	84	0.000031135	35.77381
Msm0529	hypothetical	84	0.000031135	35.964286
Msm1323	glycosyltransferase 	83.9	0.000031084	35.95843
Msm0576	NIF3-related	83	0.000030765	35.915663
Msm1749	hypothetical	83	0.000030765	35.963855
Msm0579	polyferredoxin 	83	0.000030765	35.650602
Msm1657	hypothetical	83	0.000030765	35.903614
Msm1624	hypothetical	83	0.000030765	35.903614
Msm0545	hypothetical	81	0.000030023	35.888889
Msm1780	hypothetical	81	0.000030023	35.962963
Msm1250	predicted	80	0.000029653	35.925
Msm1591	hypothetical	78	0.000028912	35.935897
Msm1756	Smf	78	0.000028912	35.948718
Msm1365	3-methyladenine	77	0.000028541	35.948052
Msm1784	hypothetical	77	0.000028541	35.948052
Msm1755	purine/pyrimidine	77	0.000028541	35.935065
Msm0017	hypothetical	77	0.000028541	35.922078
Msm1595	SAM-dependent	76	0.00002817	35.921053
Msm1175	hypothetical	76	0.00002817	35.828947
Msm0039	hypothetical	75	0.0000278	35.933333
Msm1229	Na+-driven	75	0.0000278	35.92
Msm1770	hypothetical	75	0.0000278	35.973333
Msm1667	hypothetical	74	0.000027429	36
Msm1762	hypothetical	74	0.000027429	35.864865
Msm1680	hypothetical	74	0.000027429	35.837838
Msm0004	predicted	74	0.000027429	35.945946
Msm0207	predicted	74	0.000027429	35.905405
Msm0498	hypothetical	73	0.000027058	35.972603
Msm0280	predicted	73	0.000027058	35.945205
Msm1679	hypothetical	72	0.000026688	35.972222
Msm0490	SAM-dependent	72	0.000026688	35.930556
Msm0886	hypothetical	71	0.000026317	35.957746
Msm0549	cytochrome	71	0.000026317	35.788732
Msm0721	adenylate	70	0.000025946	35.957143
Msm1402	hypothetical	70	0.000025946	35.928571
Msm0929	fumarate	70	0.000025946	35.842857
Msm1601	hypothetical	69	0.000025576	35.985507
Msm1462	formate	69	0.000025576	35.898551
Msm1169	hypothetical	68	0.000025205	35.764706
Msm0274	SAM-dependent	68	0.000025205	35.867647
Msm1613	predicted	67.4	0.000024978	35.910964
Msm1709	adhesin-like	66.5	0.000024633	35.938092
Msm0614	hypothetical	65	0.000024093	35.969231
Msm1289	GtrA-like	65	0.000024093	35.907692
Msm1666	hypothetical	65	0.000024093	35.984615
Msm0548	6-phosphogluconate	65	0.000024093	35.984615
Msm0764	ribosomal	65	0.000024093	35.953846
Msm0251	hypothetical	65	0.000024093	35.692308
Msm0825	adenosylcobinamide	65	0.000024093	35.938462
Msm0469	hypothetical	64	0.000023722	35.921875
Msm0676	hypothetical	64	0.000023722	35.71875
Msm1791	hypothetical	64	0.000023722	35.921875
Msm0401	predicted	63	0.000023352	36
Msm1745	predicted	62.8	0.000023273	35.936294
Msm1080	predicted	62	0.000022981	35.854839
Msm1792	hypothetical	62	0.000022981	35.967742
Msm1546	hypothetical	62	0.000022981	35.951613
Msm0030	hypothetical	61	0.00002261	35.754098
Msm0125	50S	61	0.00002261	35.590164
Msm1205	hypothetical	61	0.00002261	35.868852
Msm1266	cobalamin	60	0.00002224	35.883333
Msm0864	predicted	60	0.00002224	35.933333
Msm1678	hypothetical	60	0.00002224	35.933333
Msm0411	adhesin-like	60	0.00002224	35.983333
Msm1163	hypothetical	60	0.00002224	35.833333
Msm1748	predicted	60	0.000022227	35.883267
Msm0028	SAM-dependent	59	0.000021869	35.881356
Msm1186	potassium	59	0.000021869	35.864407
Msm1781	hypothetical	59	0.000021869	35.983051
Msm1693	predicted	59	0.000021869	35.813559
Msm0164	conserved	58	0.000021498	35.87931
Msm1790	predicted	57	0.000021128	36
Msm1078	predicted	57	0.000021128	35.947368
Msm0458	transposase 	57	0.000021128	35.889952
Msm0365	hypothetical	56	0.000020757	35.928571
Msm1750	hypothetical	56	0.000020757	35.875
Msm0474	hypothetical	56	0.000020757	35.803571
Msm1764	hypothetical	56	0.000020757	35.887835
Msm1564	predicted	56	0.000020757	35.928571
Msm0235	hypothetical	55	0.000020386	36
Msm1530	putative	55	0.000020386	35.945455
Msm1662	hypothetical	55	0.000020386	35.890909
Msm1675	putative	55	0.000020386	35.927273
Msm0596	type	54	0.000020016	35.888889
Msm1167	cobalt-precorrin-6Y	54	0.000020016	35.962963
Msm1633	hypothetical	53	0.000019645	35.981132
Msm1526	hypothetical	53	0.000019645	35.943396
Msm1470	hypothetical	53	0.000019645	35.962264
Msm0011	hypothetical	53	0.000019645	35.924528
Msm1631	predicted	52	0.000019274	35.903846
Msm0628	hypothetical	52	0.000019274	35.711538
Msm1661	hypothetical	52	0.000019274	35.826923
Msm0248	hypothetical	51	0.000018904	35.980392
Msm1571	hypothetical	50	0.000018533	35.88
Msm1638	hypothetical	50	0.000018533	35.9
Msm0938	hypothetical	50	0.000018533	35.98
Msm0226	hypothetical	49	0.000018162	35.795918
Msm0116	MobA-related	49	0.000018162	35.938776
Msm1395	iron(III)	49	0.000018162	35.897959
Msm0612	putative	48	0.000017792	35.854167
Msm1098	holliday	48	0.000017792	36
Msm1219	hypothetical	48	0.000017792	35.9375
Msm1618	cobalt	48	0.000017792	35.916667
Msm0208	predicted	47	0.000017421	35.829787
Msm1355	ADP-ribose	47	0.000017421	35.87234
Msm1130	hypothetical	46	0.00001705	35.847826
Msm0543	DNA	45	0.00001668	35.822222
Msm0069	hypothetical	45	0.00001668	36
Msm1649	hypothetical	45	0.00001668	35.955556
Msm0863	pyridoxamine-phosphate	45	0.00001668	35.933333
Msm1779	hypothetical	44	0.000016309	35.727273
Msm0536	hypothetical	43	0.000015938	35.930233
Msm0246	ribonuclease	43	0.000015938	35.813953
Msm0531	adenine/cytosine	43	0.000015938	35.906977
Msm1683	hypothetical	42	0.000015568	35.857143
Msm1089	hypothetical	42	0.000015568	35.904762
Msm0726	hypothetical	42	0.000015568	35.97619
Msm0649	hypothetical	41	0.000015197	35.926829
Msm0668	hypothetical	41	0.000015197	35.95122
Msm0215	conserved	41	0.000015197	35.902439
Msm1511	hypothetical	41	0.000015197	35.902439
Msm1552	hypothetical	41	0.000015197	35.878049
Msm0005	hypothetical	40	0.000014826	35.925
Msm0992	hypothetical	40	0.000014826	35.775
Msm1278	predicted	40	0.000014826	35.825
Msm0599	hypothetical	40	0.000014826	35.775
Msm0338	hypothetical	40	0.000014826	35.9
Msm0297	predicted	39	0.000014456	35.871795
Msm0827	predicted	39	0.000014456	36
Msm0781	hypothetical	39	0.000014456	35.74359
Msm0625	preprotein	38	0.000014085	35.842105
Msm1589	transposase 	37.1	0.000013761	35.838384
Msm1346	hypothetical	37	0.000013714	35.864865
Msm1463	formate	37	0.000013714	36
Msm1315	predicted	37	0.000013714	36
Msm0904	methyl-coenzyme	37	0.000013714	35.918919
Msm0629	putative	36.3	0.000013448	35.933851
Msm0008	putative	36.3	0.000013448	35.933851
Msm0256	putative	36.3	0.000013448	35.933851
Msm0342	putative	36.3	0.000013448	35.933851
Msm1189	putative	36.3	0.000013448	35.933851
Msm1419	putative	36.3	0.000013448	35.933851
Msm0601	putative	36.3	0.000013448	35.933851
Msm1596	putative	36.3	0.000013448	35.933851
Msm0871	putative	36.3	0.000013448	35.933851
Msm0730	putative	36.3	0.000013448	35.933851
Msm0894	hypothetical	36	0.000013344	36
Msm1658	hypothetical	36	0.000013344	35.916667
Msm1022	hypothetical	36	0.000013344	36
Msm0151	hypothetical	36	0.000013344	35.861111
Msm1508	hypothetical	36	0.000013344	35.833333
Msm0816	hypothetical	36	0.000013344	36
Msm1789	predicted	36	0.000013344	36
Msm0299	hypothetical	36	0.000013344	36
Msm1475	predicted	36	0.000013344	35.833333
Msm0158	type	35	0.000012973	35.714286
Msm0022	hypothetical	35	0.000012973	35.657143
Msm1672	bacteriophage	35	0.000012973	36
Msm1689	putative	34	0.000012602	36
Msm0915	hypothetical	34	0.000012602	35.823529
Msm1685	hypothetical	34	0.000012602	35.647059
Msm0399	hypothetical	33	0.000012232	36
Msm0170	conserved	32	0.000011861	35.84375
Msm0478	hypothetical	32	0.000011861	35.875
Msm1654	putative	32	0.000011861	36
Msm1763	predicted	32	0.000011861	36
Msm0682	hypothetical	31.8	0.000011768	35.846457
Msm1663	hypothetical	31	0.00001149	35.967742
Msm1619	cobalt	31	0.00001149	35.903226
Msm0535	hypothetical	31	0.00001149	35.935484
Msm1664	hypothetical	30	0.00001112	35.8
Msm1656	hypothetical	30	0.00001112	36
Msm1706	CDP-diacylglycerol--glycerol-3-phosphate	30	0.00001112	35.9
Msm1652	hypothetical	29	0.000010749	35.931034
Msm0673	hypothetical	29	0.000010749	35.862069
Msm0059	SAM-dependent	29	0.000010749	35.896552
Msm1510	putative	28	0.000010378	35.928571
Msm1603	hypothetical	28	0.000010378	35.785714
Msm0012	hypothetical	28	0.000010378	35.928571
Msm0150	hypothetical	28	0.000010378	36
Msm1671	large	27	0.000010008	36
Msm1230	transcriptional	27	0.000010008	36
Msm1524	hypothetical	27	0.000010008	35.777778
Msm0694	hypothetical	27	0.000010008	35.740741
Msm0337	putative	26	9.6372E-06	35.846154
Msm1257	predicted	26	9.6372E-06	35.884615
Msm1522	hypothetical	26	9.6372E-06	35.961538
Msm1148	predicted	26	9.6372E-06	36
Msm1659	hypothetical	25	9.2665E-06	35.72
Msm1777	putative	25	9.2665E-06	35.96
Msm1314	hypothetical	25	9.2665E-06	35.4
Msm1525	hypothetical	25	9.2665E-06	35.96
Msm1767	hypothetical	25	9.2665E-06	35.72
Msm0914	predicted	25	9.2665E-06	35.92
Msm1620	cobalt	25	9.2665E-06	35.88
Msm1140	hypothetical	24	8.8958E-06	35.708333
Msm1461	methyl	24	8.8958E-06	35.708333
Msm1778	hypothetical	24	8.8958E-06	36
Msm0476	hypothetical	24	8.8958E-06	35.5
Msm0283	hypothetical	24	8.8958E-06	36
Msm0336	hypothetical	23	8.5252E-06	35.826087
Msm0363	predicted	23	8.5252E-06	35.869565
Msm0430	hypothetical	23	8.5252E-06	35.782609
Msm1347	hypothetical	23	8.5252E-06	35.826087
Msm0278	hypothetical	22	8.1545E-06	35.954545
Msm1128	hypothetical	22	8.1545E-06	35.863636
Msm1660	hypothetical	22	8.1545E-06	35.909091
Msm1647	hypothetical	22	8.1545E-06	35.863636
Msm0159	adhesin-like	22	8.1545E-06	36
Msm0800	hypothetical	21	7.7839E-06	36
Msm0146	type	21	7.7839E-06	35.857143
Msm1584	predicted	21	7.7839E-06	36
Msm0473	hypothetical	20.6	0.000007636	35.703704
Msm1209	multimeric	20	7.4132E-06	35.8
Msm0023	uncharacterized	20	7.4132E-06	35.9
Msm0471	type	20	7.4132E-06	35.95
Msm0165	predicted	20	7.4132E-06	36
Msm1621	cobalt	20	7.4132E-06	35.85
Msm1059	predicted	20	7.4132E-06	36
Msm0020	predicted	19.4	7.1754E-06	36
Msm0279	hypothetical	19	7.0425E-06	35.789474
Msm1605	hypothetical	19	7.0425E-06	36
Msm1276	hypothetical	19	7.0425E-06	35.789474
Msm1518	IS	19	7.0425E-06	36
Msm0913	hypothetical	19	7.0425E-06	36
Msm0339	hypothetical	18	6.6719E-06	35.888889
Msm1655	hypothetical	18	6.6719E-06	36
Msm1774	hypothetical	18	6.6719E-06	36
Msm0674	hypothetical	18	6.6719E-06	35.833333
Msm1794	predicted	16	5.9306E-06	36
Msm1482	hypothetical	15	5.5599E-06	36
Msm1793	hypothetical	15	5.5599E-06	36
Msm1345	hypothetical	15	5.5599E-06	36
Msm1520	IS	15	5.5599E-06	35.866667
Msm0495	hypothetical	15	5.5599E-06	35.133333
Msm0209	ferredoxin	14	5.1892E-06	36
Msm1670	hypothetical	14	5.1892E-06	35.785714
Msm0650	transcriptional	14	5.1892E-06	35.642857
Msm1668	hypothetical	14	5.1892E-06	35.714286
Msm0099	hypothetical	13	4.8186E-06	36
Msm1744	predicted	13	4.8186E-06	36
Msm0400	hypothetical	13	4.8186E-06	35.846154
Msm0163	conserved	12	4.4479E-06	35.583333
Msm1335	hypothetical	12	4.4479E-06	36
Msm1464	FlpE-related	12	4.4479E-06	36
Msm1653	hypothetical	12	4.4479E-06	36
Msm0404	predicted	12	4.4479E-06	35.916667
Msm1650	hypothetical	12	4.4479E-06	36
Msm0537	TPR-repeat	11	4.0773E-06	36
Msm0145	hypothetical	11	4.0773E-06	36
Msm1277	hypothetical	10	3.7066E-06	36
Msm1788	O-linked	10	3.7066E-06	35.8
Msm0647	predicted	10	3.7066E-06	36
Msm0432	hypothetical	10	3.7066E-06	36
Msm0019	hypothetical	9	3.3359E-06	35.888889
Msm1580	hypothetical	9	3.3359E-06	36
Msm0675	hypothetical	9	3.3359E-06	36
Msm1651	hypothetical	9	3.3359E-06	36
Msm0006	hypothetical	9	3.3359E-06	35
Msm0396	putative	8.9	3.3051E-06	35.88785
Msm1566	putative	8.9	3.3051E-06	35.88785
Msm1093	putative	8.9	3.3051E-06	35.88785
Msm0087	putative	8.7	3.2124E-06	35.884615
Msm1115	putative	8.4	3.1197E-06	35.881188
Msm0230	putative	8.2	3.0271E-06	35.877551
Msm0533	putative	8.1	3.0116E-06	36
Msm0782	hypothetical	8	2.9653E-06	36
Msm0970	hypothetical	8	2.9653E-06	35.625
Msm1787	O-linked	8	2.9653E-06	36
Msm0100	hypothetical	8	2.9653E-06	36
Msm0470	hypothetical	8	2.9653E-06	36
Msm0172	hypothetical	8	2.9653E-06	35.625
Msm0460	predicted	7.9	0.000002919	36
Msm0527	IS	7.9	0.000002919	36
Msm0658	hypothetical	7	2.5946E-06	36
Msm1553	hypothetical	7	2.5946E-06	35.571429
Msm1339	hypothetical	7	2.5946E-06	35.857143
Msm0459	hypothetical	6	0.000002224	35.777778
Msm0007	SAM-dependent	6	0.000002224	35.333333
Msm0597	type	6	0.000002224	36
Msm1648	hypothetical	6	0.000002224	36
Msm0109	conserved	6	0.000002224	36
Msm0600	transcriptional	6	0.000002224	36
Msm0024	hypothetical	5	1.8533E-06	36
Msm0254	hypothetical	5	1.8533E-06	36
Msm0718	hypothetical	5	1.8533E-06	36
Msm1466	hypothetical	5	1.8533E-06	36
Msm1669	hypothetical	5	1.8533E-06	36
Msm1505	hypothetical	5	1.8533E-06	36
Msm0038	hypothetical	5	1.8533E-06	36
Msm0110	predicted	4	1.4826E-06	36
Msm1690	hypothetical	4	1.4826E-06	36
Msm1597	hypothetical	3	0.000001112	35.666667
Msm0162	hypothetical	3	0.000001112	35.666667
Msm0539	putative	3	0.000001112	36
Msm0528	IS	3	0.000001112	36
Msm0013	hypothetical	3	0.000001112	35.666667
Msm0014	putative	3	0.000001112	36
Msm1742	predicted	3	0.000001112	36
Msm1519	IS	2	7.4132E-07	36
Msm1157	hypothetical	2	7.4132E-07	36
Msm1521	hypothetical	2	7.4132E-07	36
Msm0868	hypothetical	2	7.4132E-07	36
Msm1541	hypothetical	2	7.4132E-07	36
Msm1786	O-linked	2	7.4132E-07	36
Msm0538	pyruvate	1	3.7066E-07	36
Msm0111	hypothetical	1	3.7066E-07	36
Msm0157	predicted	1	3.7066E-07	36
Msm1506	hypothetical	1	3.7066E-07	36
Msm0534	putative	1	3.7066E-07	36
Msm1708	hypothetical	1	3.7066E-07	36